"id","name","surname","phone_number","id_number"
"ffb80b42-e3ab-4dcc-a273-6c5463344a5d","Jedediah","Lindgren","946-739-8052","379535136146"
"e1b0b661-1d27-471b-9ee7-cf5b1d76fafd","Ewald","Mitchell","786-816-9133","978891739731"
"6d41510d-ce7f-4f38-83b2-02e2a14d0130","Estelle","Bogan","888-869-8192","928384133545"
"20ea5268-ac1e-444c-b3d5-5e5a8a23ac27","Katelin","McDermott","417-178-9330","145655404178"
"c9141339-81e6-4fec-a3e4-b2ab2a115276","Lillian","Olson","419-331-0002","556876821487"
"a7bab45a-840b-4558-bb40-e657992c7543","Albertha","Ernser","396-182-7701","560979670142"
"2b875466-2fb2-4f9f-b425-f10232ef620d","Monserrat","Heaney","431-499-4775","778070192346"
"d1c446bc-9a4f-48eb-9c5a-89407037c199","Boyd","Goyette","359-925-6511","465063926762"
"e7cbcad7-b721-4d47-b409-fe9fb679902b","Jessy","Kessler","525-190-1359","315446892246"
"811b43ee-88ef-423b-8909-b5c27ec3b6f5","Madeline","Adams","814-874-6612","672320821052"
"a48dd287-2d4c-48d0-9b4f-41761390b0d0","Kellen","Grady","906-094-6677","979305734447"
"7f393f05-1c70-464c-8173-3b96a8cfb82c","Abdullah","Hamill","615-666-6261","271905549677"
"d7827c3a-5442-4fe9-a53b-d16ec8338c59","Verona","Cronin","302-449-5740","628812515214"
"021191b3-6e6e-4cf0-834b-9a52a1edb3b5","Kay","Gibson","238-068-2743","548364064770"
"ac84c06b-2f83-42b1-b3cb-5362f45a52be","Gracie","Fritsch","097-271-3143","883897367993"
"e076afd0-740d-44e0-90a2-2bdd32cd7281","Thomas","Johnston","369-841-3612","849062179779"
"14fafa31-5d6b-4ec2-af04-f18e86c12e54","Shane","Dach","878-929-9123","701251063001"
"9ca3d2b8-da6c-4dd9-b0be-b94a551ffd51","Adrian","Jacobi","924-621-1936","958780684532"
"7c598b93-2b9b-4d2a-bb0a-5bdb63230cb8","Kasandra","Tillman","284-055-4231","932703183645"
"d617ca27-e1f5-4ac5-9799-de08bd1a4aca","Jayme","Parker","689-445-8963","897056598589"
"f81062bc-6dbe-442e-9137-c12a5f87ffbe","Nicolette","Runte","222-629-7086","595722928768"
"7ee42c6b-3a7f-48d9-8f05-042340576bb2","Justine","Breitenberg","482-473-8190","684751604584"
"ecad0eb1-3f87-438c-8f68-9c6e6630ebcd","Frances","Kozey","507-533-8211","263742055362"
"c5030d7a-db62-4ac3-a5ae-cb756970db31","Okey","Harris","685-066-3717","554384945091"
"faba820a-3c27-42ed-b935-4f86d5f06e79","Fausto","Schuster","137-326-1026","885880636327"
"bc3a261f-0004-4279-aaec-2f16da4069db","Gerry","Leuschke","979-911-9183","151174918793"
"a700f9f6-f07e-484b-86dd-ad35759ef7aa","Bobbie","Aufderhar","038-479-3060","512989456853"
"23479378-36fc-4b39-b36a-95e0ab258beb","Norbert","Morissette","891-685-6966","186680437568"
"7a5d4f0f-8180-4b8d-b15e-ecfaf021c802","Carmella","Schowalter","199-544-7006","151077666367"
"1c4b5af8-3479-4b8f-95ee-70556c1759d1","Vickie","Friesen","102-638-8925","475271017606"
"d00af945-5c28-485e-9d4c-b13fc5d9cb2b","Howell","O'Reilly","716-518-6640","400193797902"
"051d5bcb-6dc1-41e2-b68f-5ff83ff91e47","Kara","Rempel","666-303-4955","269983950058"
"fac4efec-697e-43d4-b0ae-8f1b0c8e1a63","Rosetta","Walsh","821-032-6196","207439554698"
"a0187068-025e-47e2-b835-8430b242d71a","Marques","Rempel","796-536-9291","110851381806"
"32e95e92-221d-4d53-b380-92d72a36e234","Delta","O'Keefe","337-532-9891","919555403158"
"303f5ef0-3edc-4920-a9b0-32c79a624928","Damaris","Carter","175-717-7573","363092666485"
"ad7240e7-51f6-4ae4-b027-416ee4b5cb05","Loyal","Kautzer","325-093-0062","264823962870"
"da0d3e1b-45c3-47c2-89d2-b9e32f4c5f2c","Joshua","Mayer","232-245-4673","293545125384"
"fb7bb956-5619-4c84-8e92-a1c0c26647cb","Janice","Herman","441-351-5327","324796189899"
"0074f7e8-7dda-413a-bc64-3fd7d50e4e23","Francesco","Grant","818-341-7135","218771637321"
"f66a8bac-0a56-4b1a-8bab-9fce51d29a9c","Yazmin","Schiller","751-741-3373","428891667493"
"1d769f94-159c-4103-b746-9d8c94e3fb07","John","Bode","283-979-2120","255396575512"
"d9a6f0f8-a13e-4b84-a92c-6223c1e87e10","Noble","Kessler","404-636-5908","109353608577"
"19ab76d9-3ef2-42bf-99d1-c70c34752939","Rosario","Keebler","238-813-2456","186278914239"
"e2206ab7-c999-4d17-93f4-478246b901ac","Kirstin","Robel","254-824-4677","105066468223"
"67987189-ba7e-4b6c-b88c-e77e6d7a286c","Lauren","Lesch","517-216-8043","982947472338"
"df12c801-ae3a-42fe-916a-e0de9cf7af28","Brendan","D'Amore","413-906-0697","118354251576"
"bc9d2643-0962-442f-b561-2546216c6189","Adelia","Heathcote","313-985-6629","918764485851"
"15e89967-8f29-4eb1-823d-3fccd6a80f1b","Emil","Marquardt","890-263-3710","946136297901"
"3c997b56-e815-4460-a20a-be93fad94750","Nikko","Smitham","660-622-7224","285413718412"
"d6c67329-9a23-4576-8a5c-273790a30172","Eloisa","Lesch","051-230-7346","396147747484"
"296ebda0-7752-4d88-9ae8-f09e594a2719","Dayna","Mohr","808-581-8328","974795459019"
"01453675-89d2-468b-b54c-e7ef88f6eacd","Antwon","Paucek","859-016-3938","580478170023"
"20d6c881-022b-4a03-b802-69f3c5948bb2","Henri","Hahn","010-639-6367","335163875896"
"201f3600-7b32-45ac-bb3c-35b50a6ab163","Tiffany","Trantow","074-541-8948","944336574607"
"e25b814a-38bb-48fe-ba00-6c02588c9944","Telly","Schowalter","520-633-6880","620963736015"
"ca36a390-b8d2-4083-b983-733a0daae36a","Ceasar","Herzog","337-252-5468","150033540624"
"2d17cd84-09ab-4760-90ad-11cef967bfee","Augustus","Koch","731-181-1949","172111367139"
"5a5f48e2-9781-4d6b-8616-14713448b62c","Lawson","Lueilwitz","827-148-6768","320291680137"
"cb5cf361-edca-4bd8-85db-ba98b849c30e","Alyson","Crooks","941-231-3878","633307755390"
"f880f3f5-9614-4903-b899-096c4f7f34e1","Lavon","Wisozk","864-279-9540","643393526191"
"a1ed7a7e-457e-462c-b566-d25df96d547e","Dallas","Nolan","637-796-9354","153973417320"
"64cfef9a-05d7-423f-be56-46c61338425b","Cordie","Herzog","019-367-9529","902184717188"
"19ca2819-b1e9-46c2-a04c-59843cd54ef4","Rosanna","Mertz","091-556-5168","672967274258"
"280b5c8c-4b89-4f08-b32f-12fac80e3c4d","Crawford","Kovacek","547-723-1427","523519270283"
"b54fe2ae-799f-4811-b27d-a32b3bc08cad","Julian","Halvorson","350-622-0468","426654045399"
"2644f033-07f6-41ee-a52a-a801658e1f38","Kamryn","Hoppe","608-637-8843","742195276564"
"8c951780-bb51-4fdb-beb2-0f6a1efba212","Nelson","Padberg","695-406-8901","273535456085"
"e76a165b-1b0b-42bc-b75c-5f6f53c5dc39","Kaden","Stiedemann","539-505-3260","169405984295"
"082217c1-c369-4bc3-b870-76d3eb60bf2d","Keagan","Mills","469-778-8805","260327949234"
"857759a3-6836-4697-aedc-a3a0027df7df","Fernando","Nitzsche","046-900-1368","140678268345"
"5eef0f12-e273-404c-addc-28c4953a234b","Tia","Lang","580-781-1598","433219143773"
"c5315e32-afc1-4be9-ae41-f6d11eedca72","Erick","Greenfelder","246-463-8016","813284543083"
"121a90c5-31ed-462f-a222-c3ef1e694546","Jacky","Abbott","076-244-8101","355932430207"
"c8d126e7-009d-41dc-bf2d-dbcd38633aec","Allison","Wintheiser","057-480-0402","953255272559"
"37fb183f-0a99-45c1-b06c-e9ab37c2f427","Violet","Hettinger","764-721-3581","144796712202"
"b1248458-1a84-4bc7-affe-2ebcd0f4915a","Devan","Hessel","015-886-3349","587778425637"
"093cd260-4efa-45e2-8a88-869afc3949a6","Raheem","Oberbrunner","721-057-1712","126933833765"
"f2d49f15-04d2-4748-8bcf-d5736e681240","Ilene","Kris","665-382-5996","395890819080"
"c22df7d8-7d65-4dc3-98a7-207b20f078bd","Dion","Gulgowski","654-501-5872","857493231800"
"de6306f3-3903-4ed3-a74c-424a05543673","Cruz","Bauch","123-878-8691","418593415136"
"c039f5f3-2cfe-426a-a3db-2fe89a44adc9","Kelton","Mitchell","973-274-8655","854798651530"
"76d72bac-690a-4f73-b060-42bd601ef977","Sierra","Grady","842-016-5147","813766440900"
"3e6fb044-102f-45cb-9b17-18b36d79f026","Maiya","Sipes","167-470-0348","517960853022"
"a619fb25-8554-4804-967c-4b0fd7769c11","Darrell","Block","198-565-2595","359398512398"
"773efe34-c136-42cb-8f9a-cab8f2677648","Karson","Gulgowski","532-615-3212","597124132407"
"b70d51c4-e324-4d5f-89e0-96f3e0e20ec6","Willard","D'Amore","045-254-5905","978517241486"
"30577f4b-e2d2-4cb7-a475-b801ee4d2639","Aleen","Paucek","222-155-1722","292982925293"
"41496464-dec3-4b7c-bc1b-50e768f05ab0","Annamarie","Kuhic","392-055-1760","775123223227"
"f8bb0afa-7409-4250-b6a5-157c9dd35c99","Adrain","Mosciski","783-335-6862","922597145294"
"c1af3442-2d53-4958-a291-18202b8b34f1","Darrin","Stiedemann","120-175-5858","784585740679"
"da7835f2-2512-4ca0-8145-b7f2622348ee","Marielle","Schumm","387-477-1264","808034789533"
"4e99bd41-5429-4d5d-b981-a6f9cf8cb0cd","Forest","Nikolaus","971-548-6985","703671197878"
"1332abda-f244-4bad-83ca-cdc2d6878168","Lila","Ritchie","532-210-8580","235491227905"
"c6575355-71fb-4ee1-b50d-cea9e7d21e95","Jimmie","Marks","288-387-5089","716316920324"
"a99f891d-53f8-4d2c-8b7a-a8ef894d4ad5","Nakia","Hyatt","914-286-4923","669287173493"
"48b547ed-4a91-492e-b59d-25e3173bd157","Genesis","Koch","757-300-6658","327252700397"
"d76d887f-7fb8-4f47-9d4e-e59e1f2695fa","Dino","Dietrich","659-221-3764","675573086871"
"a5ffc335-0504-43fa-badb-d6eb651debda","Akeem","Wiza","674-394-7927","278509803464"
"43490caf-3a14-4557-a7fd-c0ab34bdead8","Nina","Runolfsdottir","440-056-6259","913592385534"
"849ffaac-dca1-4b93-8c72-4c3d322d562e","Leo","Lesch","765-902-5131","305351693103"
"a5736361-f01e-4b61-b3ba-bc619a57008b","Pete","Upton","617-107-3291","686384985817"
"90a2152a-ee83-4fd6-88b4-38446ad91d7f","Georgiana","Lindgren","760-005-8483","867708576903"
"39cafcdd-261e-4c31-99e5-aea3e2734a24","Rosina","Daugherty","938-504-0080","725883653963"
"63fd7955-bc48-46e1-b3e9-c17c0d85f151","Annie","Adams","972-216-5588","374557829812"
"d6eb0722-c3be-4cdc-adcb-6d329a28c97d","Wayne","Weber","729-859-2260","485268353633"
"2a85860e-3593-41cd-a5d8-ed49151a4680","Nash","Bradtke","761-126-2863","437546966850"
"7d91776c-7d6e-455d-9c93-ef491a481c1f","Horace","Franecki","492-806-8702","922508518987"
"432643b7-19c6-4849-9877-f24659a5d65e","Shea","Davis","928-691-5607","175113502815"
"ac56d416-65d5-4ef0-8591-9a0b87edfc60","Destin","Rodriguez","434-228-0777","484750948982"
"fe68b895-bf0d-48f0-87d1-b5adcf3ba4c2","Kayli","Metz","889-128-7783","793071294043"
"a8665262-70ab-4e88-95c6-d5425573cebf","Geraldine","Tromp","657-406-8146","187917205146"
"87dac074-7763-442d-91c9-ad2667d95f93","Brad","Conroy","929-467-6665","331634492424"
"b49e70b7-2da8-444a-b792-1e14216bb61a","Alessandra","Buckridge","241-276-9295","274867043927"
"578b4399-a7ca-492a-ac9c-51c40d87bf88","Hannah","Osinski","736-195-5329","292085135721"
"1bfca87b-c5cd-4e22-ab35-f507f69b3dce","Manuela","Nicolas","484-422-0002","593838699734"
"228f3cca-928c-4119-a3ed-ba431ce592d9","Dino","Bergstrom","701-724-2496","832794245806"
"47b9ea51-e49a-4ca6-9ea7-3ae8c254cb4b","Ahmed","VonRueden","316-127-5474","159382585096"
"388dc8c0-6b9d-4bfe-a800-e0c822f4e052","Gilberto","Konopelski","109-363-1999","546952338559"
"28a81d19-81c8-4582-b6c7-0e132cad0b95","Yolanda","Gutkowski","444-762-7747","674300732071"
"2503210b-2aee-4c11-82ec-d53470817a34","Cordia","Stroman","859-665-6563","703449148360"
"5e57b08c-af5b-4c50-a38e-710de65cb109","Westley","Kunze","958-950-3636","903325048277"
"8d57c0b6-4d39-4f65-9bd6-94d869816691","Novella","Carter","785-639-0505","495583635594"
"c7fcfabf-a193-4d2f-8e6d-82967f5154c2","Karley","Cronin","038-206-5310","875243023653"
"9b46c3bb-e048-4013-9b99-5a532bc14c4f","Sophia","Watsica","216-528-1920","865376314594"
"1e392094-b92d-4572-9c5f-d1242b92899f","Hayden","Wintheiser","778-400-1188","482554514874"
"443372df-fc8b-47f9-bf96-8f9cfcd4a79b","Donna","Rath","733-367-6598","156629102850"
"cfefc1b4-6356-4365-9000-e4069df0c0cc","Corine","Lehner","739-917-6745","462839873447"
"4def0921-31c8-40aa-9f95-cd9872b8aa54","Alfreda","Homenick","153-723-4017","244929832287"
"42835015-36f2-490b-8acb-2f8cde6d34db","Misael","Denesik","354-556-7063","540170216473"
"756449f6-3ff9-4b5c-8986-dbc9581c45f0","Carole","Schneider","152-440-7862","884952382563"
"e9682dad-dfb2-4bdc-9c30-e3e33c01e9b0","Davion","Friesen","964-756-6867","569931829060"
"92d913f7-fce0-4478-8752-bd7d583906e0","Elsie","Mann","478-288-7312","135237527429"
"28b010d3-3df1-4e02-b0e0-ed191cba5237","Candido","Paucek","600-820-8343","681316757094"
"8015ea83-6a24-4e64-abf9-2e5622bcc352","Lonzo","Stokes","457-837-2968","828823535996"
"8a5a1abb-0e04-4ae7-9e3f-546a63773d07","Walton","Lakin","680-642-6737","423321445547"
"c3c8cdc2-f2a9-466d-b027-799316870a6e","Davion","Kunde","166-466-9865","326017692213"
"3dfd639f-b90f-4d67-a418-5e550c057617","Ansley","Gleason","142-258-4617","932278832057"
"59d6de4f-6758-4ec3-ba23-86505d18d845","Alverta","Hessel","880-834-0484","264417551367"
"5de1d9da-53ec-4062-8455-3d9a5c67afed","Dorian","Mertz","928-412-6329","640436501894"
"a80766e0-45fb-4dbc-9bcb-cb76abb7239c","Leora","Corwin","226-901-8701","614355325055"
"fa437983-53ab-4058-940f-d77469666fa7","Daisha","Schneider","170-592-9117","599056997590"
"f437f131-ce3f-4ef2-b95f-a6b99eaff580","Oliver","Okuneva","136-716-6225","996987769336"
"2f0221dd-9ce2-45ee-b968-2da4ca2d92f9","Della","O'Hara","536-439-4439","542494634805"
"73d81e9c-bd36-4875-8a7a-13f831b734fa","Andy","Daugherty","593-432-7241","819190325437"
"33a84c28-e842-4fdf-8f78-8f67ecca3b69","Nathen","Hyatt","411-261-5216","622039757571"
"f919c6b0-2f74-49b4-b27e-3035e22d7730","Dana","Ledner","346-398-1566","580307592614"
"48523de3-96ca-4e0e-8dfd-de6546e33e80","Nelle","Bahringer","294-936-2080","847927560570"
"eb871692-abcf-4427-9451-2bbee3a95de3","Nicolas","Gusikowski","101-769-4798","246339807167"
"2c97dbaf-9a7a-45fb-9af2-f21e2f00a59e","Deshawn","Bashirian","219-158-6397","869758745912"
"2d3a5c6b-8022-4a52-90f6-28ebb4467e3f","Milan","Mertz","285-994-4125","646399781878"
"f61aeb49-e5dd-45a5-a319-d2c37f7a0a38","Leopoldo","Lehner","052-492-2475","126422595766"
"30550d60-548b-4485-b992-58b86aa940b0","Henriette","Adams","989-165-5914","320708019059"
"d38d6b3b-5814-4425-bcdf-afeb1d4480b4","Andreane","Rowe","231-661-1108","169948483772"
"d226f569-942d-4ca9-8422-b55d9a2709f4","Jovany","O'Hara","325-956-4554","948978469817"
"2b794385-44d3-4e5c-9398-94bfefe7f8a4","Warren","Anderson","279-967-4952","234910046766"
"cea14c3e-0182-432a-aeee-0f979f389264","Arno","Steuber","017-184-9113","470729788652"
"4840eb53-2240-460a-bcba-2e517409217e","Palma","Cruickshank","663-511-9490","506332843049"
"43b7fbc8-af24-421a-b571-f1a6a5cfb964","Kian","Hettinger","350-607-9975","859709770125"
"cdc11d09-2ab4-46a2-beeb-c5635043b75a","Santos","Wilderman","119-558-9988","660164809868"
"18d2fb0c-ba55-4a19-b36c-75fde441a230","Taylor","Gutkowski","179-909-1116","443721368006"
"49e40c2e-722d-4f49-b77c-8a2f48c6a5ee","Abdiel","Zboncak","961-153-2411","386753726218"
"a51a6782-1075-4115-a42a-96e61b5cbda7","Letha","Marvin","353-907-8598","571658573933"
"3f08e093-3c95-4d81-8f12-62351a61b835","Philip","Rempel","274-626-8020","382503972620"
"b0d44b32-8681-40da-a61f-05939653e021","Chanel","Jacobs","772-644-8717","298316374863"
"58257569-e2e8-460a-89a7-e5b7e345ea32","Marlen","Lang","439-963-5448","481147104446"
"5513fcc6-38c0-4d74-b61e-0b6a3934f0dd","Ariane","Batz","862-554-5000","893246480407"
"84ab7bcb-fd54-436f-b556-1a88dfb9acb3","Allen","Hammes","947-753-1881","172777785030"
"4040e07e-d0bf-40ab-8c2c-192d543c8406","Marc","Schuster","550-147-4572","520550659146"
"92385dee-e4b3-47c3-882e-bce1d7e33e52","Scot","Schuppe","469-275-9386","991837966629"
"63b03906-60ad-4c3d-a11f-c9e6de4269a6","Greyson","Hayes","297-136-3163","214023962242"
"84b8acf3-012f-44fd-a3dd-386c28a6d85b","Raven","O'Kon","106-988-4675","245562087026"
"1fb0743a-3ac1-4896-81a8-ae6195049834","Lenny","Hermann","943-227-0074","773904458468"
"ae878c9f-7982-4321-9b3f-9afc582b46f2","Noel","Pacocha","969-156-6965","525458128050"
"a4a7b314-4aa8-4d3d-9e10-46eef77c5822","Kurtis","Schneider","662-251-6935","351329586953"
"46fdfbcf-f07b-4e7b-9ecf-da7c4b3696d2","Owen","Bradtke","411-774-7260","173896922560"
"1ff12766-9028-4df2-952a-992508ed23e3","Nedra","Keeling","957-270-3451","624264489161"
"7c703865-e199-4c84-9a5c-3169df423107","Maegan","Conroy","225-056-5840","422619025854"
"ea6cbdff-f5cd-410f-962f-923b2821d729","Darrion","Shanahan","553-140-3709","957381244526"
"6a1fb91c-0620-4331-b27f-b10665159ff1","Litzy","Franecki","776-872-5317","614561244382"
"f1064228-c961-47e9-bf64-8c7a7425aea8","Jakayla","Goodwin","106-907-3815","802484578680"
"5c5cbb6b-48bb-4cce-9fdb-c9bde09ae348","Elyse","Reilly","982-393-3588","295417379824"
"255778f0-9656-42df-843b-ac88847e8c76","Laverna","Hintz","126-950-1922","875994416197"
"fd9e5cf9-7999-4e2f-800d-d4c66d7e0668","Adolfo","Price","332-325-1271","372413151262"
"c5baa3d9-838a-4a87-af80-7cce761e28bc","Jaime","Howell","369-933-7133","696732407070"
"a002e7bf-bb05-474c-a559-98cc882b7411","Mertie","Hirthe","280-989-6208","607701494060"
"1688680d-6f7a-42e2-ab06-7582bac62485","Laurence","Morar","425-837-7202","545293459636"
"c98ab192-19c3-48a3-b2ae-11c6c2e92679","Dandre","Beahan","847-057-7201","255313718703"
"23250559-e110-4a49-8a1d-f56bb73c8201","Gianni","Kovacek","491-322-5794","769937594553"
"076f3b07-6739-46c1-85a1-4e03f1f446b2","Jesus","Kling","755-072-0037","165218397944"
"e43f41e2-b803-42e6-b866-ce915cf1559a","Izabella","Kling","230-793-4146","817940627087"
"182b154c-6ede-4d75-aac9-d9761bb8e5d3","Estel","Kassulke","826-274-9954","611200366506"
"4b71eda1-df95-4ddf-86a9-c24ae1c02a1b","Quentin","Prosacco","995-741-6171","697867300941"
"ea4a8d3d-7769-4172-a0bb-b260926b376d","Kattie","Ebert","716-834-6869","653488146833"
"e9adb137-ff63-427b-a90f-506f5b14d8b9","Ryder","Kozey","631-719-6651","639259043865"
"705eb8e8-341a-476b-86b3-d576c4b6cb9c","Favian","Ondricka","105-977-4057","191621593647"
"d0bfbd71-3afd-4b04-81f2-7e6445931e52","Keyshawn","Thompson","535-353-9528","683312245162"
"476cd6dd-ad63-43b2-afe3-33b609e3e745","Hilton","Ferry","924-029-3809","771220801266"
"792e7754-6e57-4891-bf39-d966b1d1b6d6","Arnaldo","Herzog","053-169-1634","170768156766"
"b5e5a6d8-c1ca-4ced-9aaf-59854bb10f77","Winfield","Armstrong","928-882-9393","962345985487"
"0093b066-d789-4dae-8d66-cf7338daf3fb","Tristin","Weissnat","874-880-4946","170549252900"
"bbc51cd2-f86a-408e-8146-ecfd72c9b1e8","Riley","Brakus","963-079-1248","270552774238"
"661dd4d4-f19c-46e4-ad5c-a9dead2cb36f","Fermin","Hyatt","008-426-8209","201977266143"
"368f986b-2ca7-470b-b15b-fbdc232c7475","Kory","Dooley","362-943-7523","477827817884"
"0c679bfc-d529-4857-afc1-2cad85e667a0","Kylie","Kuhlman","468-323-6716","514421381649"
"022c2f75-4914-4ba9-b2bb-a88994ca137f","Jazmyn","Schinner","462-529-5874","295971936459"
"1eac163c-b995-47de-a5ba-cd83ffe618db","Elouise","Treutel","381-347-6652","669050882331"
"f36305a2-bbc7-4605-afcc-1eef71228a4d","Quinton","Watsica","945-076-0061","540848806779"
"b8c9caf7-e251-416e-a633-63aac81d211b","Rossie","Schmidt","623-944-0984","113012672735"
"2b521116-017c-4b54-8123-7f02352a17f5","Elenora","Berge","047-206-7331","703483494862"
"77a8ec55-32f5-4938-ba11-dbc96b977b98","Mohamed","O'Connell","301-173-5300","504180172871"
"1843cdf6-8686-4478-8bfc-7bb95c8fd08f","Lorenza","Runte","101-626-4456","735868277847"
"e1bcadaf-66ce-4c4e-b846-ef25e3fce2ad","Timmothy","Rau","190-033-1167","649881904690"
"bc952be0-d673-4d15-94be-8bdcbc389433","Bertha","Farrell","271-560-2416","302049269664"
"5980d552-6fca-4c98-a41c-9edc0ccaddbc","Sabrina","Hessel","358-553-8889","641896987658"
"c73c0b9f-f26c-475a-9570-284058b922fa","Myrna","Sipes","941-609-0761","780547171508"
"fe647003-178d-4415-9325-6bdb29e21abe","Tyreek","Smitham","191-317-4958","254558968583"
"71b800bf-384f-4dcf-be93-a6ead0b87a49","Domenick","Bins","651-176-5413","300736408904"
"f7ac2578-b822-4419-9452-8d344c0066ab","Mireya","Steuber","616-451-7367","148493695968"
"9cc81c49-e0a5-45b3-af12-249fde28e967","Kaylee","Nienow","645-270-3682","943831542658"
"f0e16427-8acd-43a9-a245-1ded454fdcb8","Dave","Bergnaum","460-770-6994","729540318067"
"48f80785-170d-4e88-92d9-99bda0247372","Alvena","Wolff","175-579-9691","312761243222"
"c7ede40e-140f-48b9-ad6d-54160ee08c44","Bert","McCullough","734-027-1298","679234190524"
"0f00a4c6-4a07-4644-9066-d728b108afdf","Lourdes","Fisher","224-254-3925","429824382532"
"1c70d7fb-900e-40b6-919b-cc1ddeb2d4d4","Frederic","Shields","617-717-3393","665845134966"
"3a63744d-fa4e-41ef-a026-04cc97b49968","Roman","Auer","178-583-3389","995782633268"
"83153548-b802-4a10-acf3-7e350b5e6e22","Jerrold","Dach","240-571-2803","112203233036"
"4d93e8b7-493b-462a-982b-57afc843d3b4","Garret","Gulgowski","418-503-9656","815974842760"
"ceccee72-ac89-417a-afaa-6fe7de4e9189","Addison","Murray","738-290-6749","796777820275"
"5cef5c4f-66fb-4a89-9aa0-30b803f08cb5","Murray","Jenkins","498-528-4413","159163850142"
"4c305f5c-6ec7-4198-b616-03aa3e5e4062","Marcel","Gulgowski","975-431-1787","921291582306"
"c341868b-cf9c-4196-9211-bcbc90e7925e","Kenya","Hintz","516-303-3600","968130222131"
"66287c9c-352e-4a92-b801-e8508250568c","Rudolph","Streich","641-355-7203","744559760575"
"ae36572c-bd73-4e26-82fb-51c3ae2c3b36","Reyna","Corwin","633-312-5190","287761977257"
"f4eb1ff1-de70-4304-9737-ab37869e41a4","Stephen","Williamson","803-448-6231","347421206165"
"ab5a38e4-7bd2-431f-9b44-6af5ae7c2a9c","Daryl","Bergstrom","527-209-6021","777251961316"
"4845e538-5732-41af-8c18-052cc0b1362f","Oliver","Nikolaus","828-534-8315","837684420229"
"9d22f7e0-9420-4d1c-ac18-1ea8fbe92f4d","Willy","Klocko","607-865-7344","978886061600"
"a6fe416c-75ae-47d0-b053-5704e7c7c2a0","Joseph","Shanahan","712-164-9124","902105938991"
"efa6a5ad-ccdc-4838-9edf-cd42817328c4","Cassandra","Stroman","677-180-6907","885011235207"
"48c3ca0c-629b-452f-bbb8-1781c42374bc","Malinda","Larkin","435-837-1731","599934597611"
"80643a3a-8767-4dd1-bd8a-1d0647eb0afe","Polly","Zemlak","500-037-8023","699624029861"
"42845a5e-f0e6-49b3-88ec-2fdf3dd3d9f2","Jadyn","Kerluke","673-778-1556","735438260405"
"46ce6706-6853-4590-b8e0-9043d0de46e7","Rubye","Roob","969-591-9346","530707990987"
"353e46fb-3a6f-4610-b190-eb03c084a4c4","Preston","West","675-163-0428","470139842149"
"f636a6f5-aa68-410d-97cc-6cfd5268e16c","Kim","Yundt","096-217-0142","362841299146"
"ee15ebc1-8c2c-42ea-9813-053554d15747","Kristina","Halvorson","417-936-6212","283101983892"
"f825e2d1-41a7-4286-99c1-9355acd0f95d","Antonia","Torp","025-847-7877","862571559476"
"2cb10212-abae-47ba-9ccf-47d41d869ddd","Christelle","Kertzmann","378-717-2022","619757657907"
"af0edd1f-34a1-4202-ad26-29f40d8d1348","Johathan","Goldner","208-655-3710","901028494428"
"fe9c3c03-bff8-457e-a586-d952778ff32f","Benjamin","Koepp","769-997-9300","800349721526"
"c1a6710e-b18b-4a8b-87cf-9d9fa7f0248c","Delphine","Walker","852-053-4153","936291315473"
"99c681c9-bfca-4755-9d46-4bf3a0db4c60","Hettie","Conroy","517-112-9713","966755956118"
"dc3858b4-a248-4d78-ad6d-85f44e25fab1","Eloise","Kassulke","002-817-3250","257412051958"
"aa39eb60-d331-42ac-81f6-cac001398eb6","Willow","Buckridge","335-450-0011","206425450395"
"d9f9e556-10a0-415b-827c-253b07e47521","Charlene","Herzog","065-502-6446","265372908839"
"096ec322-6438-41cd-8ed0-1cbe9a7c9915","Fidel","Nader","245-675-6689","218963057186"
"27c3b5b3-664f-4b82-aaee-1057d429564a","Jaunita","Miller","809-208-4943","640042143595"
"566fcafd-c19c-4639-b0c3-f749a10e548a","Rafael","Leuschke","195-778-7238","925262979375"
"6914be64-22e3-4ccb-b012-5141aa509d06","Green","Corwin","435-829-5799","878220680403"
"1e71f77f-c1ce-45f1-adcd-4e0b661e0415","Jalen","Walter","732-893-9176","398859810928"
"e08ebef7-d0b4-4850-98cc-3acaede00444","Ewell","Effertz","880-776-3006","238885177803"
"a5add1fa-bb81-4aeb-8b2f-c87259ce0267","Wade","Volkman","535-532-4737","284678393968"
"af1e916b-94a5-4b96-9761-09273cbaca20","Leda","O'Kon","594-061-3326","219010368934"
"8112fb51-1287-4a0c-9853-8cda493c5b71","Madie","Renner","247-596-5226","656534478266"
"20e0cf52-4234-4837-ba0c-28c6c568a3a3","Kali","Mann","044-836-1372","647740141115"
"fcc795fe-6171-46f8-b566-4406b93419a1","Mina","Parisian","320-755-2467","903358224928"
"a571dedf-9e4e-4cb0-98cc-4b2a6ccb0fb2","Crystel","Emard","990-670-8035","418672621837"
"1ba2ea7a-bdba-462e-8be9-8601556a442b","Candice","Okuneva","649-607-3449","820107479337"
"5075b40e-3e46-491a-a747-7e567cfa716e","Myrl","DuBuque","908-095-6683","869689069646"
"ddf0a95a-5116-4a8d-8ed2-a53986c1d28c","Ross","Stroman","914-286-9539","660366713933"
"b958e6ec-db25-4dac-9417-0b3cc0073c6d","Elmore","Smitham","615-793-0808","827776108012"
"c41ca201-6a21-493a-85a6-bb4305104632","Otho","Crona","203-706-1559","547578108925"
"f6ad37d6-00fa-438b-9d46-050aeff9c7b5","Gideon","Hudson","153-950-2934","491627758298"
"68bebcfd-7c33-4fbd-bae7-1d759f1118b0","Mateo","Lueilwitz","812-304-8038","302812737813"
"b1ed1dd9-c85c-463a-908c-cdfe626eb0d8","Ian","Brown","919-944-7420","977636833936"
"8e7d5b88-eef0-400c-85ea-9c04d9f6cc2c","Jordane","Hegmann","331-965-3925","491517135468"
"3e5823ff-2e06-4053-b883-d33a6d4a2607","Vilma","Altenwerth","491-610-6081","362608140288"
"192ae49d-e6ae-455d-abaa-596aa17c6d77","Hans","Kozey","813-781-6631","559446508204"
"6f856ed2-7152-445b-8c30-9087ea48fa6e","Otha","Smith","810-276-2843","557989516317"
"4c3e563e-e3f3-4c85-811d-605a3ee076c7","Lucienne","Dibbert","148-761-3279","965473328752"
"5b78ad5b-dd0f-4c03-8ec8-889edd2bc6aa","Cynthia","Hammes","830-969-5902","790604270263"
"5f7013e1-00c4-437a-9a20-64b2e8fb581c","Lauretta","Bechtelar","585-944-7052","830700683486"
"85589127-44e9-4a2f-b489-35dc206bea7d","Frederick","Wyman","752-021-5588","510304901625"
"763e2a40-c699-4c7e-8213-39f453fb45b7","Erick","Schaden","761-047-8119","315928593674"
"87a47905-865c-4b0d-acde-100a8f2523c5","Kenyon","Abernathy","161-333-0319","824051270149"
"b0c51a21-22ac-44d6-83e8-4cc787d3c775","Emmitt","Heaney","017-469-9136","223549552441"
"10d6f2e8-c28c-493d-838c-98d8ad11f204","Casey","Tillman","591-281-7155","407572336324"
"706e4d0e-63d1-4c89-ad76-c66628c62196","Vladimir","Jakubowski","667-878-6117","828555611176"
"0d20b24e-5fde-454a-b6b5-29972d06ee41","Ewell","Hamill","130-510-0432","460889822717"
"e43b4ebc-b18d-44fc-896e-bba686dd1af0","Daphne","Luettgen","002-536-3337","798753113624"
"75979d67-3b75-4340-9f95-4b190a240fa3","Sophia","Yundt","214-679-8512","373234289571"
"316e4fb1-332e-4043-8b86-f5b0647fd6bf","Abdul","Paucek","425-648-1872","998312192527"
"c92cbc44-d074-4112-924d-a7693bb6b2e9","Layla","Bartoletti","320-155-6577","853099583117"
"bba1814e-473f-4ac5-bd27-21010c7cf945","Yasmine","Harris","317-150-5362","779224579190"
"d588eda2-fd3c-4c01-8662-96f3be2e15d9","Pearl","Mraz","853-869-4115","930406329106"
"5d46d991-c253-4f6d-8ce1-7a1dc54ffa15","Candace","Schultz","433-822-9533","226341382834"
"0f5c2af2-c41d-4af3-a457-8feda657ad7d","Danny","Dickinson","441-268-7188","644590718775"
"4be6db35-341a-4421-8c62-400d8d80f103","Johathan","Quigley","051-683-0793","530625753356"
"cd222d22-586d-4382-ae32-e2ee1cab7a7b","Tyrell","Hermann","261-767-3811","231589245546"
"98cee6d3-3909-46fa-8d4f-2e3a3db0ea6a","Pamela","Stehr","656-256-5392","903818208178"
"a1518a7e-5c14-4461-91e4-c1772f270fe7","Mohammad","Abshire","496-163-7165","224878011689"
"d828a5cd-ced5-4ddf-86ac-5074e9db9b3c","Arturo","Cruickshank","115-963-8127","543473300564"
"f5c318c4-9113-4b23-9d9d-4ad9d9313ad0","Timothy","Bahringer","594-115-1872","517754145694"
"c8216f5a-d5d1-4fa8-ab9e-f6377d615b37","Jeremy","Tromp","476-112-7853","703145467688"
"907dc35b-39ae-410d-95b1-c005dab36ccc","Alejandrin","Cormier","480-693-5724","378835827281"
"2a96f659-c3c4-4115-babb-392d0f564494","Claud","Purdy","259-419-9573","377902513497"
"d9cbec8a-1e21-4400-bea4-1be634a270d5","Jackie","Williamson","555-477-0521","520748958113"
"1ec59525-0369-4dde-9992-1d344cdf4ece","Wendell","Grant","352-672-5537","289385525863"
"bf657d30-0cfc-4c8a-b933-bc061700e5c0","Dorcas","Dooley","865-960-5390","558396700673"
"c0950b46-256c-418c-b1ff-45c726e1cbc9","Amina","Nienow","990-958-7895","640675611952"
"8bdbfae6-6f59-4a7f-9e67-1a6495684b3d","Elton","Hackett","264-754-1135","907664330870"
"39787eca-0fd4-4ecb-93d1-78bb203da549","Vivian","Kuhic","170-761-3907","672278510688"
"e918273b-9278-4829-bf4a-e9c9617e32bd","Maymie","Larson","181-784-7016","780307978808"
"8ed41cf1-3722-4129-8e22-0cb5629002ab","Neil","Daniel","086-091-4356","550750495269"
"1b8137f7-7b91-4ba5-956d-8f7aef9e7677","Louvenia","Kirlin","315-787-7828","957373673384"
"3599b893-af0b-4aeb-a4bb-84d8bcf26fda","Amina","Moore","165-276-0973","555139229487"
"e24f55de-4ec7-4ac0-a192-9a247a29fbab","Jovan","Russel","349-835-1935","773340981975"
"a3651438-a9bb-41a0-8665-bd011a65164d","Augustine","Nicolas","957-712-6043","307613066521"
"5a764953-30ec-40a8-be15-de660459a181","Ayana","Ebert","101-081-4523","684733884556"
"65ead363-84d1-46e2-83b7-94cd11e2a6c2","Keely","Labadie","618-302-9583","756919799800"
"21cb5b51-aee1-45f6-a3d6-cccee39a8f0c","Jess","Hilll","262-104-7739","585088555972"
"380b40ea-fb7a-4b22-9265-7cd921bbaaa2","Jaylan","Abernathy","107-566-9240","107050851044"
"0307e32a-a842-4a2a-b941-9fb06c05b881","Esta","Waelchi","015-177-5140","517794394119"
"2e0dc463-8b98-4052-a130-6ccc07ec75a0","Chyna","Champlin","983-683-2776","139676784619"
"ac52e2bd-9195-4d78-b0ac-b74b8e79f77f","Johan","Pollich","061-109-6832","652333331545"
"62f4cc6f-762b-495c-b4c4-682a9fcea1fb","Leilani","Kohler","368-746-6460","179305465005"
"f6ed71aa-166c-4bcd-be7e-2d1553ff1952","Jade","Borer","812-048-9527","403870023695"
"086fddf9-9195-4c3f-95bd-672f6897953c","Maximo","Lakin","606-911-6011","990032834403"
"1da0105e-c654-404a-8bd1-04ba2692df17","Anthony","Hintz","912-421-7098","981813515689"
"f2d8df56-c54a-4b0a-885b-b9b773ee132f","Ludwig","Sporer","920-715-9346","467977781020"
"bd67763a-c68e-4ddc-aac6-527cf9689e28","Adele","Lind","666-628-2380","578261022826"
"f8e2b947-e4d4-432c-8055-8fc9f27d4b89","Chelsea","Glover","924-338-1994","673581331614"
"3c15d3fe-7057-449e-9a00-521ca85d5dc6","Elyssa","White","175-310-9147","328945298600"
"70f606b1-61a0-4a5f-8ed5-a643a708ec4e","Myrna","Davis","139-308-7375","107005028761"
"5c2d3ef2-db7a-4b09-827c-1acd77a50966","Delilah","Reinger","015-841-2481","144039970058"
"5d0acb48-8a34-48a3-9dc0-1f2543a3e631","Brennon","Pfeffer","755-298-9372","980337252868"
"1a46a5f4-72db-412a-b3e0-eb8bc5c3161f","Jayde","Morissette","640-214-4723","187940157421"
"45508e59-b70d-4da9-b670-b43b153ca0d7","Tatyana","Schumm","476-153-7532","531741705967"
"f446a56f-28ca-48be-8262-d662779fb1c2","Annabelle","Raynor","862-782-5683","417743817598"
"4d7b510a-1b6c-4a51-9c90-89409d0fc326","Alberta","O'Conner","595-651-9958","931903133114"
"02e3a92c-b100-4cd9-b971-cded95884e06","Hershel","Runolfsdottir","769-899-0057","987411501582"
"2e95fd2e-ddf5-435e-bdcf-35b3734162e1","Dalton","Stoltenberg","633-805-0887","803956837974"
"b43aea03-d401-4406-84da-4701436d725d","Jesse","Purdy","125-432-4063","558155386488"
"ceb3cd3a-231d-4b43-a1b8-fff56000ff47","Darwin","Rippin","040-482-8048","400857951858"
"2712f102-22cd-4e5a-9eac-9cfc3a0ca706","Elvera","Berge","407-610-5817","169409321181"
"41901eb2-2d7e-4c77-8f17-29792c773b45","Jared","Altenwerth","866-448-0721","536718748826"
"ab9eee5c-e002-4741-abb6-6a09c97a3c54","Leonie","Wisozk","798-345-4106","159464290193"
"3dfa3e2e-efde-4e34-b90b-821b4d046ae2","Velda","Ratke","494-615-7137","882001778238"
"b0fbb42f-3b16-464c-bd2d-2ab2b005ea62","Rebecca","Jast","157-161-4420","576870236544"
"b76fe261-86ae-4730-8d20-538d96b8630b","Ransom","Howell","013-233-9835","359176854279"
"2b4de48a-2957-499c-af0e-e8392090e311","Emely","Mohr","184-315-3379","717374641113"
"ca4d1688-f58f-411e-8cdc-f8ca525cbf98","Charlene","Upton","755-095-5231","532385684860"
"3fa4283c-b372-4cc0-a017-a9b5c1d4d69c","Ayden","Rogahn","270-985-8643","611626251688"
"e21eeabe-5caa-4997-9eff-c822c40a456c","Bernadine","Schiller","529-508-9686","864965126161"
"7a2e78d9-eb25-4dab-acec-c5369e1502a6","Burdette","Casper","879-283-4111","533219639024"
"e1837284-dd38-4798-bcb1-7d0f5dad23b0","Cassandra","Windler","803-454-4294","660953761125"
"abf22532-43b2-4b18-8e62-c72817c8373e","Trudie","Swaniawski","193-977-0214","773219779699"
"99dc52e8-e980-42a8-9265-01097942c909","Margarett","Schaden","334-837-7944","374719125746"
"469025c0-8ddb-49bb-89d6-978e6f59f7db","Sedrick","Rodriguez","036-070-7241","364371474604"
"f93942fa-2e52-40dd-ba41-266f2c9911c0","Devin","Lind","742-977-5144","438836986422"
"9c68e2d4-28a7-4380-880c-b67b61b13740","Kody","Schaden","391-357-5813","456904355893"
"8f41061e-c877-4a67-a738-aa31594b164a","Kacey","Mosciski","851-008-7079","785860508343"
"d1e1c779-c028-418e-b6e4-9d3ddc123df3","Claude","Harber","105-628-3434","230020487829"
"77ed5d1a-fb18-4bf3-a117-f9678c921b6e","Leon","Runolfsdottir","322-006-2376","735780989636"
"b8ca5948-4add-4b82-b8dc-3cc72fa7f500","Jermaine","Rice","861-260-7928","512867983228"
"d2d39cc1-58e8-434b-aa4b-d14b673c97fc","Kelsie","Orn","404-565-7405","955715196033"
"0d123d33-ac52-4227-bac9-e7b6ec816092","Adaline","Witting","912-456-5342","741176777039"
"26de0e40-d71f-4721-8d7b-a7e59468a7a3","Ara","Lind","518-610-3063","968086993636"
"a16bca51-ef22-486b-b8b7-49987e219924","Angeline","Jenkins","776-249-8936","565249716045"
"3e2c0a0d-5693-481e-8a39-b98459e6b3af","Adelbert","Lowe","598-312-7677","801003501642"
"0886d11a-7898-45c2-9a69-252314ed5496","Kelvin","Kessler","604-453-7901","634128208425"
"898b46f9-d810-4a88-90c6-3fd612c86244","Mustafa","Balistreri","090-126-7213","886152909481"
"b702aa96-bdf6-4772-a554-9a59504b13c8","Murphy","Watsica","991-882-6160","246855219482"
"46a50b49-98b2-4d1d-874d-29795052c6fb","Myrtle","Schultz","011-119-1235","948473346629"
"5de774a1-75a4-49cf-9abe-5b25ced1785d","Bettye","Wintheiser","766-073-3032","681199964986"
"55561b8f-7e88-42c2-acb6-e99aca2aeff3","Myah","Hills","031-772-7698","309841924489"
"cc6c75b2-ed34-4ea7-aa41-1986f8848ef2","Loma","Mraz","157-115-9224","440641757082"
"0438ba2e-3eb2-4ad2-91e6-beb0168f6526","Lucie","Prosacco","988-122-8249","239010203857"
"80a7343a-498d-4e8f-9d07-6e2acc2f0a11","Katlyn","Torphy","471-824-3995","436655812813"
"e3841efa-c6a3-4022-bd86-bc085409e869","Lela","Hickle","148-024-4041","267555347427"
"98f2e541-421c-4a9a-a1c4-768a998ab275","Demario","Mosciski","456-746-8822","439893019341"
"65d5b629-2e70-41b4-a050-c893694716f9","Jessy","Bogan","796-037-3102","738494542612"
"3f6aed7b-1b4b-4615-9dba-a465879d5e5f","Brandy","Romaguera","202-388-5652","264438305128"
"99fd30d4-db3f-43c6-9c04-d01c69feb1ff","Mellie","Reichel","636-351-4050","659091593074"
"d7de9200-97fa-41ad-8e08-b901a6ddac20","Freddy","VonRueden","519-028-9452","136285420928"
"adc42de6-70be-4d3a-b309-eb4abf6330a9","Ken","Lang","113-755-8342","705667873884"
"cd42a677-36d8-4303-8951-feb8fa4c31e7","Conner","Leannon","653-743-3831","745646872153"
"3fe98577-882b-493e-9d45-c6ca16bf8d29","Elenora","Doyle","657-961-9197","243690349280"
"02fe6bc7-f9a4-4a73-9222-e939dd10fb11","Reina","Gutkowski","149-822-2771","686599446041"
"b8c5f2c4-c5dd-4440-b0a1-8ad3a9b1051d","Adalberto","Welch","239-910-8376","866549772165"
"ba1a76d5-4669-4a50-bb19-4fab7b5ff5ad","Oda","Beer","046-712-6867","901604630895"
"d54eccbe-d88e-45a7-8b55-9a21f754253e","Lyric","Harris","263-243-1456","442575563262"
"24777447-4542-4e19-8d62-68f0ee8638c8","Orval","Beatty","394-416-4581","430314565143"
"d18a69ab-7ddf-4a1a-a54a-50b832dd5857","Sharon","Dietrich","295-569-3389","153362945638"
"45607045-0271-40a8-aa0b-bb160698fd63","Arely","Smitham","375-308-6447","375574943664"
"be29d5f2-bf5e-4c05-b752-bff1ef1748d0","Jocelyn","Deckow","417-567-3200","274369554624"
"80277e7b-25eb-4a42-a7ee-8e214dd3c6bc","Beatrice","Lehner","335-126-8235","682324504322"
"c0cde6f6-215d-4cef-b50a-0d39692ce84e","Adrienne","Klein","041-769-2590","192522819921"
"19844f0b-9fa2-4ec3-8b42-35f920377dbe","Emanuel","Hermiston","624-448-9914","292933245317"
"0912dfcd-9613-495d-9965-7be54740bec7","Asha","Marquardt","694-100-9187","565094831871"
"3dea2dfd-f52c-49eb-8ad3-1dc0d18d4526","Marques","Sanford","516-725-9926","218668013164"
"3e332b0f-b25d-47a4-a52e-d92fbe9ca483","Ned","Braun","219-912-1188","150486073087"
"8bb2eac1-80c9-41d3-ad5f-fdd3e0b86cd2","Georgianna","Cormier","753-123-4469","992051319017"
"83125bc8-376b-4728-a6c1-278a730fea33","Earlene","Hilll","348-215-9771","590144899727"
"9679acb5-15b8-4baf-af23-5ad8735787ee","Benton","Goodwin","935-544-2734","899455967841"
"12d81fdd-2c59-4546-9d87-0e5121931252","Felipe","Monahan","028-567-7299","687562047365"
"4f6d7103-f277-417c-9cae-4cc17f5e1d55","Jaeden","Feeney","002-762-4548","350887018795"
"9ae2ab0b-c742-4b57-bb32-61cb7ea7535e","Ressie","Koss","673-493-1695","922452539502"
"8aa8c92e-a4e2-4095-b97a-170c56c7546d","Jared","Doyle","499-302-2445","413886928097"
"cde211e6-f5fe-44d4-8fcb-db38ec2c4323","Presley","Krajcik","634-876-2258","755716596206"
"c583d8de-1a28-45e5-a062-b2a1208953ba","Kelvin","Swift","073-990-1558","470749512673"
"0c9c8be3-02d7-45e3-9bf0-f7ad84925205","Brionna","Nitzsche","044-179-3311","424766230091"
"be1b16ec-2e65-46ae-aa7e-7a05c8a51a05","Arlo","Harvey","635-713-4705","906604389817"
"1565fb37-4030-4cfd-bd76-265d08ca4b8d","Brad","Abernathy","085-822-7604","102127587035"
"8d04891f-fa06-45b7-9bcc-f6dcccb4bf67","Velda","Cummings","230-028-0038","708322156127"
"c481c819-5e16-442d-ac44-4544abfc301e","Ola","Hills","913-103-3075","170309722712"
"9d13be08-7468-42e6-abe5-94fd65d3cf68","Bessie","Erdman","828-557-5919","584065840257"
"14756bd0-9e21-4c9c-9b78-d1ec0727d3a8","Brook","Corkery","560-477-4581","822088081374"
"7250d79c-60d5-40b0-91be-59c29f5f98bc","Mckenna","Farrell","192-819-8774","628882502460"
"1c38a635-5cd8-4099-a47a-1983eb1d27d3","Janie","Waters","503-981-5383","847917033029"
"81603c49-7813-4576-98e7-c1d8f5115a4d","Cyrus","Kiehn","743-644-4446","528097747983"
"084cc445-8427-41f1-af06-beca7b6f092e","Zelda","Aufderhar","293-902-2404","764510936307"
"ef41ccea-78c6-4177-9f26-41d048b30b1a","Effie","Cremin","570-308-5684","829897555767"
"19f0edba-8b10-40c8-a1c2-2db47d88aab8","Queenie","Schoen","251-996-8218","421669626618"
"97784bee-1d1b-4b75-a920-a9aafd8837a9","Emilia","Turner","821-501-7191","627513797848"
"58d9e7bf-de69-47fd-a149-82f4658e81b8","Willa","Ratke","233-924-5338","157881866057"
"04267e16-bb82-462b-b206-62e6c5e3a151","Tevin","Satterfield","469-192-3787","570868665288"
"f048cbef-226d-4a7e-97bb-16a9fe2dd670","Elenor","MacGyver","333-594-0818","197381286651"
"b4c062e6-4c03-4550-b17c-8c5471c25feb","Wiley","Harber","549-622-5094","904106754808"
"5643376a-73da-48a1-b71e-8d5530d3e5a5","Alice","Schumm","264-980-5913","843458227550"
"8501ac41-6c86-45ce-9e62-926358088f98","Mae","Halvorson","424-198-6939","839039473188"
"cec24766-f91c-41c6-b2d8-f0715ad31e36","Jimmie","Koch","660-721-8799","948638082249"
"19b57362-f7b7-4e11-a00a-95dfafd24d14","Flo","Predovic","430-283-4569","202825538238"
"7a20d899-b048-4831-ae25-5eca4d2f6175","Chaz","Kub","881-146-8414","438002402355"
"83726822-24d5-44f9-8ab1-b29fd1c64a6b","Bernita","Jacobi","408-558-1970","397037262676"
"bda520ea-5e10-4f09-9293-6eb6d38cff43","Aron","Lynch","429-705-8701","149279471158"
"1bbbc5e5-50d4-4bda-a776-81341c6a560d","Brandt","Aufderhar","201-679-5657","452483697002"
"b9513ce7-e0d1-48ec-aa8f-cb10bac83989","Selena","Dach","606-814-1893","890268940980"
"dbf18c30-1dcf-425a-a134-914b42767a8b","Joany","Wilkinson","605-781-0170","647543747126"
"b8d9122f-0961-4c90-acaa-485e4195827c","Adele","Stracke","370-058-8475","549222781287"
"066065c7-bc68-44d2-85eb-9c18a2c61526","Corrine","Runolfsdottir","670-497-6352","483618491640"
"63b6bc36-7193-4e70-89c2-47f210189670","Rubye","Pfannerstill","384-024-6497","851086220321"
"6b0fb385-c15d-41f9-b939-b53bc5c3729a","Adell","Hills","105-213-9912","255734610903"
"e833503e-c8fd-41a7-992a-e1c70745460c","Tremaine","Mante","267-070-3439","344842735046"
"0f74983e-bc39-4565-9801-600800ab2aff","Samantha","Johns","783-693-8755","657435388624"
"8d0823f6-6702-4b4e-8281-330d0aa63837","Milford","Skiles","518-066-8009","816077766249"
"dbfb670c-7348-44de-b4b4-44a33cedbc99","Hadley","Schaefer","900-247-6997","103647675779"
"abc53148-e2a8-4785-952e-d01efe0cabb1","Demond","Gleason","700-820-7098","200909324034"
"39695626-51e9-4f28-812e-302e348fe1ae","Milton","Hilll","532-809-1989","372509575119"
"2254c1bc-d9b2-40a3-847d-ff8d6489f46c","Myrtis","Marks","048-418-8194","666543208961"
"aae6ff31-2b11-41a1-b03e-cd6430b9fd93","Aniya","Von","074-240-3980","544868751110"
"275cc727-2282-4c1a-ae89-b59264bf80bd","Trudie","Ziemann","992-400-8891","419824084238"
"48a927db-479e-4525-9abe-5ef0f3438f3b","Evie","Rosenbaum","496-591-7485","255468043991"
"fceb2d25-8fed-4b01-98ad-ab23d22ea1bc","Bennie","Brown","463-870-2692","297111613361"
"1fc768e1-39f9-48fd-b127-c7bc20135876","Shakira","Stoltenberg","588-374-2788","269163475195"
"f375f91b-aac2-4405-8dc4-11e2dc24c585","Rebekah","Schinner","830-598-0075","125421985689"
"655fae94-fe0e-4aad-8f0e-b06aae593032","Adela","Price","053-805-1246","314557151077"
"729e946b-49da-4eaf-8da4-80d1f22b6ab3","Zoie","Prohaska","306-949-0432","847787480810"
"f747b423-eda7-4bb9-92da-ca07de382dc2","Donald","Durgan","099-660-4827","772323599969"
"5d562808-92fe-42c3-b0fe-61b46520a83f","Zena","Predovic","286-150-2050","635413412738"
"14d4ceb5-e5ef-4dab-9ee1-70265951d09a","Dayna","Jakubowski","091-533-7373","183439578552"
"26ccfdf0-08b9-4873-a305-a4aadae292ec","Rhoda","Goyette","311-202-7419","374320652396"
"0bb4989a-bfbb-4815-bd71-7b3c3df74b43","Dorothy","Gutmann","735-316-5383","454935573581"
"ffd472b8-e965-486e-b5e7-32d629a10b1b","Eveline","Keeling","648-140-2194","393122345808"
"3b0add23-8548-406a-b573-7ae2b3994548","Eduardo","Glover","739-251-5089","772739092057"
"1747ac04-6a3d-435d-94d8-a28478b1db4f","Tressie","O'Reilly","854-939-0138","927080017459"
"cdbac98c-5f4b-42a7-8ec4-0c881e34833f","Nedra","Sporer","377-841-3288","473594676212"
"fbf587a4-efe5-4dea-af38-5efc123ec308","Ethan","Walsh","847-483-2623","883409459311"
"e2c8b7dd-b3e1-4d9a-b72e-5cd144a7e45b","Dejon","Hackett","560-524-7315","280472462045"
"2bc73404-21b1-4766-91e2-e2fc0b8b59f4","Terry","Schuster","186-355-9345","792240454107"
"3d2624e7-6ddf-44d4-a42e-57f65a7a2f65","Kaycee","O'Connell","316-251-2337","923571489788"
"e32a8804-f00e-4748-a544-dcd9f8d1945d","Christelle","White","248-671-8613","395550660539"
"68cfb023-a690-4f6c-83c1-65767808a5ae","Kasandra","Bins","885-502-5173","702957447531"
"43b833cd-7ec1-47d9-b1cd-399431fb75dd","Sadye","Turner","377-200-7429","204382961448"
"f97d314c-6a9f-4d38-a8c1-54a827ac3712","Jessika","Schneider","267-457-6852","467064063494"
"f2816841-2f17-43e7-b08b-5bdb210be12f","Chadd","Rice","284-237-2677","444956231926"
"44dd7e0a-24b8-4d3c-bb94-4ca778a3211c","Geoffrey","Rohan","426-687-9649","399030916352"
"16d75ed0-03b5-413b-aca2-16539b5e05f6","Margot","Effertz","246-328-1257","563828322762"
"e28ebd1a-3b2c-479f-92a5-ae8e8f1bff5e","Vena","Howell","711-230-7537","712054616847"
"7b817f76-5d1c-46f2-9e6e-6de9b0136f3e","Rebecca","Murphy","137-563-4430","319348699836"
"379141fb-7c8b-489d-8a62-b98a09ec0245","Evans","Schaefer","897-340-1925","108882034962"
"4a80459f-e1bb-42ae-97cd-ebac59df3a48","Jaren","Quigley","988-230-2867","375968348873"
"32d83d1b-9c36-46c5-8f72-f2f72f97e5e9","Cierra","Heathcote","189-005-4353","807927068442"
"25af2d00-5018-43ed-ab45-86a6e09c01fb","Alexis","Rogahn","745-657-2039","921013820231"
"c1d3c6c3-583c-4bcb-b95f-aca1a05cbe05","Kamren","O'Kon","432-478-9059","123668343903"
"a6db40ca-ba2f-4109-9334-15491b86cf01","Libbie","Wilderman","515-491-5013","209094347104"
"654ee95c-c78c-40ed-a78e-645b032ed004","Katharina","Nitzsche","407-710-1172","701053069143"
"dcfd0562-eff4-4be9-8853-24915b2c7106","Hortense","Dooley","761-865-9527","534600142206"
"aa6d69cb-8897-41fd-9b82-fa6b7f7512ad","Annalise","Schmitt","961-243-7806","544645913838"
"08c6beec-38e8-4fbd-823d-041de3e9860e","Carlo","Kuphal","969-607-9627","362564629817"
"f2cd7691-8e96-476d-a128-be30f40cd226","Kenneth","Kreiger","474-384-2142","959782358296"
"5cc8fcc1-62a6-453b-8338-c74cf1f0b776","Estevan","Little","301-993-3470","408917165642"
"0f3cb3ad-3b6a-4553-a037-4ed7b4e95c25","Keara","Reichert","464-989-3605","746150621107"
"db238065-39a3-4eb8-81d0-0a060aa27516","Jazmyn","Stark","080-609-4967","178344125405"
"2704abea-df9b-425e-8e4c-fbb7700d2182","Samir","Doyle","680-371-1393","566110979808"
"a2e4a11d-588c-42ba-8e64-121fa93b6192","Eveline","Reinger","113-220-3149","350661175425"
"d3605741-fd97-4cb5-a17c-1b71e49d8767","Bryon","Sporer","331-475-4462","263317980920"
"519a944d-b8d9-4e12-a71b-56ad5306b43e","Litzy","Wolf","815-803-7955","970997523611"
"ee591ea1-5df2-48b3-bf60-123c4343ffac","Alexys","Larkin","943-435-7861","719474936982"
"7cfd730c-5af8-4b7b-bdb3-d1e1cf03f9a8","Ramona","Gerlach","019-731-4776","859453091704"
"141a7908-2c13-41c3-8aa6-2a6652f25b8d","Albertha","Mosciski","167-257-7977","271170967298"
"c92a4917-6d4e-49ae-aa0d-61192d891c51","Reece","Schiller","290-344-7001","427191842943"
"6837a40e-af40-4040-b09e-ddc229a550b5","Kellie","Weimann","451-957-3799","578013003611"
"4fc58f9f-fd32-4dab-a070-64227b6b18ee","Alden","Reichert","371-643-5935","166882936013"
"8394d95f-bd0e-43fd-ad21-a7beda405a64","Bret","Rohan","552-679-5378","330693921175"
"1aa08efb-6c81-44ed-8d05-c386fdcbbc55","Francisco","Pfannerstill","138-255-7063","488735905890"
"75e8f17a-9f19-4dad-8f0b-c9f4c7d7e48e","Arturo","Langosh","211-589-6384","701073436561"
"ba5cad0a-8415-4965-a300-dd1e7c0c966c","Araceli","Wintheiser","718-036-6948","537315323940"
"cbb9fedc-3f50-43ff-8186-d012b179ea06","Vickie","Heller","789-144-1692","880906805660"
"19c91a59-8571-4dd7-b0ce-2899f9d4a6c7","Esta","Greenfelder","540-778-9654","845237108850"
"fdfed6b7-e974-4a0b-9088-60d2ab635d48","Antoinette","Weissnat","304-940-0866","392656269168"
"d998e2dd-2444-41ee-952c-ad34f9771bbc","Kristina","Keebler","092-276-5159","213895542308"
"6b6e9444-ceb2-4414-86c0-7a510c7692ab","Garrison","Gerhold","668-569-5985","348902055096"
"bf710806-500a-4be3-bff3-17c976db0eb2","Heidi","Thompson","165-689-3687","735501087908"
"8b988191-185e-46d7-8e45-a2691638bfd1","Hershel","Romaguera","805-176-3512","726803955368"
"665bb2bf-cc68-4224-9c0f-83868d5dda3b","Merle","Kovacek","004-834-7540","937129659353"
"d90334a6-8e2f-44c0-b6bd-5f5dbfad0bd0","Ottilie","Daniel","940-824-9659","349323137604"
"375eeec7-d34f-4f74-92f4-8f533fd9f866","Kennedy","Hammes","819-177-6351","860636979159"
"b248609a-4eda-4583-b7fa-d73b84731b09","Kathlyn","Mraz","914-869-7437","591589792991"
"f1ca8bf6-f0a1-400e-9f0e-e2a3b1aaf598","Anika","Fisher","626-108-7813","739023321779"
"48bb5779-2081-4079-8eb8-f9f54268eacb","Abraham","Pfeffer","875-155-6921","239415215082"
"105f2ee7-e2c7-4911-afe1-2626d16fccde","Amos","Kuvalis","011-632-1372","316541684632"
"ecc36c5e-a07b-404b-865a-448db45ec530","Jayce","Harvey","175-143-0739","563677824937"
"80ff602e-a004-476b-9486-32f4aec5b30c","Webster","Ullrich","358-831-5380","677188060678"
"85422031-df93-4284-93c0-0395696ab521","Raven","Emard","642-811-2733","337211037541"
"bdd79b48-b2b1-43c2-b258-1f72cfab00e8","Ellie","Veum","758-877-3698","775245195088"
"b180fd25-e54b-478d-8892-02c1430ef8db","Rodolfo","Fisher","465-559-6099","489867775975"
"acdb78ac-5a29-4660-8d69-91f062e2ed17","Bettie","Stamm","648-403-8093","727005193409"
"9f964eb7-d9a4-4eff-a9aa-b4fa272d54a1","Winifred","Bartell","427-759-0030","133302639597"
"668eb056-7b3e-446a-be0a-af01474fd7ae","Cedrick","Lind","562-608-1360","578968630456"
"45aefe6b-e5d6-4f2d-9964-0d2b0f283d35","Aida","Hayes","296-957-2514","355628981215"
"e1a5d6dd-022e-40d6-ad2e-efd7dc973fad","Darrell","Yost","424-424-6500","212364749193"
"2eea5f3d-271b-4d01-bf81-ce490021b1d0","Camron","Dare","589-907-4866","576109136376"
"43abaebe-f8b7-4b17-b224-e5e64346ce99","Madeline","Spencer","509-251-9700","859471083830"
"e9544f65-156c-4de7-ba85-35b6ba1f9c4a","Ricky","Hegmann","581-468-8163","159338375953"
"fa926839-52a9-4a6d-aaf0-b1e2d50f8661","Enos","Brown","508-377-7202","560103636479"
"c14601f1-0708-4ab6-b6cf-5da06a95b1db","Ken","Gibson","517-608-7895","494316268436"
"e9ed7210-c789-423d-bb85-324a298c6b65","Albina","Moen","792-564-4347","559183095172"
"ca01fbae-07ad-478a-88e4-7422e0ae0ded","Abigale","Gusikowski","561-005-4801","301627540552"
"690d3328-0848-4258-8038-a7f590ef4e35","Kevon","Klein","436-911-0749","636188286241"
"a64edef8-e3cc-4741-a41f-a4d4429b0c55","Brianne","Wyman","921-481-0021","598241576207"
"7edc78b0-18b2-4c80-ac0d-8f2096024ba8","Sasha","Lowe","816-026-6288","523463674318"
"ec25c5a3-598c-49f4-87e5-da0feb71f2ae","Idella","Kertzmann","613-892-8772","306645463272"
"2cdfc3da-6e8f-45dc-8d55-c7764dbdd200","Darron","Paucek","611-378-2531","137516355688"
"b75d37f0-dc0e-4117-8210-34e270ac00c9","Clifton","Emard","722-099-7460","685103858466"
"99b2b2c6-79d9-4ec6-9beb-3a74a1e27044","Onie","West","524-562-8004","266220832741"
"6aec058a-770d-4945-a895-fc0353f743a2","Bennett","Lockman","926-254-9410","378444378148"
"82b1bda5-3352-4377-9c3c-d21764c75a9d","Marcelina","Wolf","807-989-8804","867038704538"
"6d937301-869f-4a5a-978e-fa994fa07fd4","Dawson","Morissette","615-930-0949","320229631807"
"eac0e3e0-01d1-44fc-aab4-580b9e4da704","Issac","Gleichner","681-757-0399","741083500491"
"ea9dc8a7-ad5b-4556-84ed-6e9ddb29d52c","Carlie","Rolfson","346-727-6428","644160033207"
"55eddb16-0b29-4549-9527-01bd8dd558dc","Andres","Roberts","835-978-7675","172489492391"
"98f030e1-c5a1-42c3-9eef-8996a3b080c8","Birdie","Dickinson","385-205-4527","163499107265"
"8d3ad30a-d217-47d7-9fd1-71fbf20d2a5c","Kacey","Rau","853-759-6389","585535374555"
"8e8a63a5-6334-47fb-a765-9c4f2d308f86","Alda","Koss","405-356-1358","441236960159"
"878b1a49-7825-435c-8b6a-d15130c3bffc","Stanford","Maggio","272-572-7159","961601029038"
"b5e71861-27ca-42e8-93f3-e94949cc377a","Porter","Gerhold","605-792-3902","582310192585"
"173fe1f5-a1b1-41b9-977d-d25fe967c840","Cleta","Koch","121-517-6810","345248188917"
"55c62fda-c893-41b3-896e-4fcbaf6dec8a","Eldora","Kertzmann","916-230-5205","291415158990"
"626ff280-a8e0-496a-bd64-027140b68d57","Lacy","Zboncak","845-485-5051","420130781042"
"7e44065d-70b1-42e8-a29a-dd289607799c","Armani","Sawayn","802-424-5558","254248800053"
"1d82aaef-7b94-4ea9-8154-80d741b8295a","Mayra","Trantow","687-968-8910","931812688357"
"334f9c7d-a82b-4345-91a4-e632e3205446","Ashley","Beahan","355-173-8996","949189336198"
"1fce60ad-f924-44a2-9200-ded5f0439062","Jazmyn","Abernathy","393-422-6997","151079018297"
"5c8d878f-e016-4f17-89c2-bf2c91692805","Burdette","Blanda","112-270-9537","863544616268"
"c5426955-7991-4b2c-85b6-2f6bb450ca91","Meta","O'Kon","555-162-8608","302261565672"
"78a37551-6ab3-4ffb-9201-171b304db5cd","Roselyn","Thompson","239-923-9260","486778007607"
"490b8c70-3ce4-4aae-b8d5-ba1dffd62a78","Elvera","Will","947-713-2508","692439506640"
"24fe500f-6a66-4fe2-a40e-6d8c9b834feb","Orie","Rowe","440-619-9067","537049890356"
"28ff8e22-a87a-4f74-b675-ee4a0d03a75c","Kiarra","Kihn","536-820-6813","715106285709"
"1c766975-e8e5-4566-b4fd-950afd1b47e0","Malvina","O'Kon","367-558-0183","216063470155"
"cddf6f1d-7dfe-45a5-8315-4a548c16158c","Brandi","Hegmann","211-302-9718","410441326390"
"e245296d-c1a9-4cec-bda8-6485130ff7bc","Stephon","Stoltenberg","908-209-1767","501210805042"
"8f328e8b-9f38-4864-a16e-13f2a53ec7db","Rosemary","Davis","631-390-1142","464622984456"
"dd037722-d6b1-4fe5-af83-e9efa4dda0b6","Aurelio","Rath","669-032-8356","812527112880"
"f32ac095-fd43-4bca-bc4a-75421c0d5f3e","Salvador","Deckow","390-270-8931","338415914262"
"44071261-82a2-4296-8db5-f543b3e00a7f","Justyn","Bailey","668-865-7917","862671824598"
"8b3bdf37-c19b-4eea-a66e-96bfee8b0112","Linnea","Zemlak","968-711-2827","537919750550"
"e78fe106-341c-43ac-b0c8-e29f2e3b52af","Shayna","Paucek","958-702-4489","117352244141"
"32b73bbd-0074-4997-ad1a-db61eb4a4eb3","Juvenal","Boyer","072-205-1017","141333863167"
"eb86a5a7-29ed-4527-bbf5-bb24e5282cd7","Jaylin","Collier","811-756-5757","791298952579"
"43b1c86b-ba37-404f-8dc5-1dca8605cf51","Hilbert","Ebert","253-315-3186","962229374037"
"1f0d5f1f-0282-49c0-93ee-e26dd5068cb3","Viva","Denesik","945-337-3935","671581257189"
"c136abdf-de0a-4e66-8ea1-1c400a336c70","Jonathan","Armstrong","839-361-9329","533215557578"
"376a5de4-3ce7-40e8-9c83-350bce4781cd","Lavonne","Braun","523-369-2222","462551447513"
"794300a5-fdf8-4d8c-9092-8954b202fe8f","Cayla","Cummings","873-459-3193","612552293727"
"d9f8b195-238b-48c5-84ce-c2e9197452dc","Justine","Reichert","548-024-8274","948632943441"
"7ae99ca3-060f-4640-a592-85c9242f0c38","Clifford","Pfannerstill","623-769-2492","883345634990"
"44c73e29-8bb2-4087-971d-355452dc2371","Katheryn","Streich","473-535-1768","273260271229"
"059dac96-98a4-48a5-94c2-971df883fe05","Cierra","Gleason","598-599-3601","742574307711"
"20f7113c-2c8e-448f-b3ff-309f81b5dbf1","Gerson","Nitzsche","574-190-1467","798940351352"
"28f7232b-3b43-485e-a811-12de07cc0230","Benton","Krajcik","547-218-5644","438562387801"
"266f7158-77ec-4cf6-aa0d-114adb268ce2","Beatrice","Parisian","278-220-5779","408082580638"
"1ac6cdcb-5f3b-4d77-a0d1-825e8c7f4cb6","Zachariah","Botsford","985-828-7438","513735404296"
"86c83805-bce3-479d-b1f4-e5a3592ef607","Martin","Cassin","432-118-5379","709690280510"
"bbe26ae2-f41e-436a-b0b9-afbd7da93f43","Paul","Rippin","764-185-0254","686915337436"
"f226e2fb-2e3b-4ed7-90c5-9670a5d2a93a","Idell","Fritsch","193-377-2158","809845551154"
"ca0eaa6d-5c7e-4e77-bf1d-6d3c33985bf8","Gerhard","McKenzie","544-520-6072","349779010264"
"5ea739c3-d518-46b1-b933-b48195ece0f5","Adrien","Cole","729-165-4325","688762613020"
"30b7a4fd-09e1-4c79-a0b4-48c97fc3c4a6","Breana","Bauch","262-530-6336","549110752238"
"9fb42566-ff72-451e-bb8e-d14394b5e479","Geovanni","West","908-304-7191","586590621507"
"1985cb86-61d8-4e98-89c7-038f322d31ef","Maurine","Schimmel","573-862-7751","685798567129"
"fac1d461-2eda-4aac-bec1-ae76326240f2","Reynold","Streich","518-027-7434","158631794544"
"bfc2b382-399b-4bb8-b612-d355edb341d9","Johnathon","Shields","769-462-5060","281414140330"
"497ffafe-7d37-4911-99af-020cb972fba6","Paige","Koelpin","191-145-2073","526327189757"
"72a1a692-9b9a-4ebf-b432-190d8fc029cb","Rachel","Becker","448-932-8453","203870283544"
"35820750-75fe-47a6-8aad-9170ed8d78ad","Lauriane","Lemke","878-945-4890","380860873688"
"45708b6b-ec54-438c-b647-0ab42d98a47e","Katlynn","Johns","882-790-1608","985113481670"
"26f4a619-7063-41d2-9ea7-eb587752e231","Casper","Halvorson","795-290-6699","252549939283"
"9b51cc6d-703b-43ae-9fad-77ffee3307eb","Santino","Boyle","158-968-3454","493172063296"
"059621d8-13f5-44b6-9da0-1232b2fc1867","Keagan","Roob","445-945-5138","227522099441"
"93fa8e03-985a-47f0-874d-6a2a61932aae","Llewellyn","Stiedemann","172-048-6422","965072781456"
"8f521af1-ca16-491c-a91f-37ecbb9af54d","Fannie","Kerluke","315-238-8942","505035084594"
"d4b4745f-f999-4d48-9a58-164a89c80be0","Andreane","Nienow","562-212-9443","732847064195"
"9b60b71a-823c-4ec9-a53d-74cd29de7238","Sonny","Terry","921-215-5608","993527214133"
"9e59a32d-dea9-4772-b31e-1f106e489aff","Jonathan","Koelpin","668-208-1495","526033803365"
"da157746-0131-493d-9400-c810e6e20484","Hellen","Conroy","956-552-2407","961668830364"
"5e745e41-487e-450e-8b37-fe43bd06bd7f","Abe","Von","872-361-0128","761591665206"
"b8bbea2b-785e-4e60-8583-c687e575f244","Ismael","Erdman","351-600-2638","554930922834"
"58d85bf8-7e18-4b90-9516-5b928fb0d3f3","Melvina","Ritchie","024-910-1598","471294511581"
"2b9c5188-03de-4685-8011-07b2e5b2d758","Hector","O'Reilly","016-082-1850","952450536992"
"f2583370-8eb4-48b6-bc5e-2a5fae1f37d6","Rigoberto","Hackett","812-774-9237","334483877374"
"78fb931d-c4f8-4bd0-810f-8c577a495b74","Jerald","Walter","561-207-5443","848559094860"
"da0e2aa8-1427-4723-b9c5-e47ef4775e9f","Breanna","Cartwright","973-112-6335","349559881239"
"e0aefb70-fdc4-4773-a189-d1bab3ae1c65","Augusta","Stroman","506-497-3059","704224373183"
"f3cc2925-d45b-4c2c-bd49-67c923d34bd8","Zora","Rolfson","390-492-5201","243994688106"
"ce9ecd23-b95c-4fca-ae67-2dab6c1dc8d3","Reuben","Krajcik","863-143-1705","813440375041"
"386a79b9-9544-4b65-9977-9719506b16e5","Triston","Hoeger","155-954-1929","648568509190"
"97989edb-7fb4-475b-a4f3-2df5d312b7db","Rozella","Hudson","150-312-6481","867371743133"
"f636bc84-0511-4d14-8261-c2fe84ef1606","Andrew","Borer","330-682-9295","781275457828"
"cedbcec4-8c69-4cbf-952c-631acb7fb983","Irma","Prohaska","164-091-7395","479925839931"
"55b959c8-5a9c-4540-84f4-54a330c00eaa","Brady","Brekke","796-790-6077","979581072648"
"e51dfbc5-f24f-4e3f-9772-f7f96cd823dc","Kristofer","Carroll","744-284-4320","277733499690"
"22efc6bf-8f16-4265-93ef-b6c42bd6a8ba","Steve","Wintheiser","201-740-3700","829799508025"
"6ac9e59e-e9d7-4b16-af7b-63b05c911429","Karolann","Nolan","057-222-6191","633491694595"
"7ee1c47f-6b9b-413c-bf8d-be26b8ac4d04","Kolby","Kessler","461-838-8279","991870085869"
"73391ca5-0c77-4260-b0f7-cd8c0dfdfe9d","Delpha","Schmidt","374-408-1077","107454544173"
"8e07b604-ffa5-49d5-949c-52e43cf9b746","Sincere","Baumbach","086-789-3352","646181052601"
"b1cf5604-132a-4b2d-8d1c-c23bce527906","Bridget","Howe","960-718-3569","976516252055"
"8d8a5f0b-1bbc-4585-ad27-aa2a3dcfd4e2","Keshawn","Christiansen","975-008-4469","282220035784"
"45fe1604-53fc-4c7e-b3b1-0401e9f94ce0","Else","Franecki","931-462-1717","682516241363"
"3cd072c3-df10-4236-8083-fb642bb4a214","Jordi","Stehr","109-414-6945","978014631796"
"bd86862f-350f-4cd6-b256-4a787495e235","Kelsi","Klein","277-928-9531","409666289587"
"676d8b1d-d375-4318-8c2a-2f4da5703a48","Oma","Parisian","591-519-3846","777631555260"
"530fb646-0995-43b6-adbf-ebb8d5ca7cc9","Tabitha","Murazik","783-965-4500","514205219076"
"3f743731-db9a-4075-b5ef-39ca1b2dd72f","Gregory","Fahey","038-301-0828","501923576487"
"e0c73963-8d74-4e0c-9cbb-df0c7740b468","Aniya","Howell","526-680-5004","236852073020"
"e1821be6-3179-44ca-a456-c34f16cf13ae","Trystan","Cormier","522-553-0641","556658510475"
"d0557a1d-92bb-49c7-b71e-9e0f653b0b31","Zion","Walter","323-520-9513","433984694051"
"f1a5b7ab-b217-4395-a70a-1fee2832743e","Lucienne","Skiles","498-312-3805","969670992880"
"10c958bd-2c7e-48ba-b58d-90e1d4b489d4","Antwan","Hegmann","954-105-1148","340499565137"
"10df75ec-33ca-4ec2-ac6f-0188c2f0f693","Lazaro","Kuhic","888-285-0149","749750494689"
"ecd86428-c88b-4e5d-935b-c0a8e94a1724","Gladys","Lebsack","422-155-3145","110053299150"
"bf29f699-6b91-425f-97bc-d546462b115f","Elisha","Bergnaum","905-626-9161","782132485863"
"a6656322-0388-4129-ba82-4c0068380e89","Matt","Block","269-705-1683","624594026157"
"d2e25744-bedc-4dc2-8d18-7b5e36ce87fb","Clifford","Tremblay","229-059-5719","132058052700"
"dfb22717-b192-4dc1-94af-e96a9517d367","Jimmie","Renner","362-583-7175","412319972954"
"36419db7-a315-4664-ab6b-888ad02c0195","Rex","Beier","855-512-2792","250744473727"
"f79c138a-7424-4faa-bd01-91144e7e1f29","Stacey","Treutel","797-700-2557","764446891334"
"d3c362aa-0217-4a26-bf94-19c850ed2fbf","Katlynn","Marks","064-416-6215","263952022092"
"3fa5784d-5b64-4a2b-b277-1381574aa6cd","Lauryn","Bartell","298-201-6625","250024171841"
"bc3537d4-12ce-46de-a125-6648276e9f14","Kathlyn","Huel","643-617-9983","462460673499"
"8fc46ace-d9ee-4a5d-b59c-ec2ef096ad43","Herbert","Bartell","725-796-5737","466499996552"
"61d6afa0-8b86-4ace-95c0-a1a77758f642","Brant","Konopelski","605-851-2628","399883597506"
"37272b2d-1219-429a-b45e-da7263adbbfe","Maynard","Torp","656-235-1165","314122953327"
"63470929-510b-449b-917c-d598274e952f","Mervin","Waelchi","514-646-5995","914249242512"
"e27d8566-38cd-4138-af2a-b89f35da3a24","Rosie","Jaskolski","084-376-3212","887694939806"
"fa0c759c-7fb3-4846-acd3-e6bcdf5b4a11","Molly","Sipes","127-874-8228","704587053693"
"0beac0d9-bd13-4c7f-bb00-a5848379322f","Estel","Swift","261-739-8026","428861199526"
"cd230fb7-b043-4060-8868-5152f914c7fc","Sierra","Conroy","419-198-9410","874623580431"
"cfd0c8c6-16d0-4ab2-bbc7-7e7680415c43","Green","Casper","492-648-8845","699071401515"
"0f6d358e-3e93-4426-8216-a00c0245c2f9","Eryn","Huel","696-501-6150","679576279232"
"0742e953-fd74-41f4-8185-82481d293472","Porter","Greenholt","053-210-0336","160732526627"
"1860ded2-7d9e-4b43-a389-f62df3e3791a","Lisette","Wolf","982-832-3984","429178544632"
"98cdfa02-1f3c-447d-9663-2f1eb1c7f05d","Larue","McGlynn","331-736-4324","627746110708"
"aa453a2d-ffc1-4afe-9395-7d0f6f8397cd","Queenie","Leannon","556-632-5752","630579314396"
"303f0c3f-5a83-4282-982f-383e1bdb0b77","Darrel","Olson","771-612-0311","955202513885"
"dee4382d-9359-4d39-8471-fbe9d3dd876e","Jessy","Borer","977-358-1665","481945925619"
"ce6bb8e5-dcb2-4f81-9ce0-14635bd00b0e","Chyna","Harber","617-701-5545","261874500383"
"ab71252c-c097-4a76-b917-ba2f1ce5b7c2","Janae","Howell","476-813-7540","583988227001"
"f07132df-f16d-42f6-ba34-d6250f5ab289","Alisha","Mills","513-935-9091","604463449058"
"060ae765-de4f-4e17-aab6-a764e97cadba","Jaqueline","Treutel","336-143-7629","559845298901"
"a37b6617-d376-4761-85d8-1168f8f9db78","Darrion","Kirlin","426-599-7321","110407068842"
"d1689dc8-1e02-4978-922d-8a681213c541","Claudia","Cummerata","454-237-0672","821437480027"
"4752ad57-2e88-4dcb-a77a-dd0c0eea1be5","Danyka","Schiller","671-679-2281","885164684372"
"b7ed0dad-c104-4e11-afae-7d0a17f03f88","Johnnie","Schaden","750-484-7006","412613895354"
"437a1b6c-13a6-49a5-baaf-7629d6ce133b","Savanna","Stark","044-527-5336","682737018200"
"eb1b1618-8403-4ada-8ab9-2d80fbb31129","Fatima","Runolfsdottir","287-683-9457","982611755534"
"7a5cde2d-4d2a-4873-9289-f9c7891ee983","Destini","Johnston","733-474-7405","283322990595"
"ecff6e10-5f2f-408c-91ba-e3ed6eaaa8e3","Marcella","Bogisich","687-094-4041","809765445947"
"e54acd55-60b5-4da8-9ee7-b7daeceb3f02","Marilie","Friesen","749-379-2164","149042312522"
"c63f1a7f-2032-49f4-9b3c-af0fccb6a29b","Victor","Hodkiewicz","215-607-0988","607357732981"
"559e7a93-4cf3-4690-b4d8-e493e9e33dc7","Mike","Considine","569-802-4757","401537941331"
"9c6fc881-6e9c-46e7-bccc-f603165be02d","Marge","Cormier","201-329-8385","267944335986"
"aa2b6b3e-8453-4e0e-b09a-c456c4d78e74","Jaylon","Green","026-812-5760","864232052519"
"7b8887dd-faa5-4c70-b295-e62fc50d318b","Creola","Baumbach","548-966-4147","486579305008"
"200cbe25-5910-4549-ad83-15ec4d7e9eba","Alek","Roob","662-889-2380","869774550086"
"6d4ddd89-04c6-48e0-b901-335392a22bdc","Claudine","Beer","377-336-8544","749046136819"
"db3ea1fe-e994-4254-8dd1-f9c767a76547","Mustafa","Dooley","502-609-4390","157864833615"
"865b7d3f-5db0-4b2e-bfb7-8e346026d2f7","Alex","Wuckert","354-561-3525","199517448987"
"788de8d2-d97b-49f8-a7f4-713b6801396f","Philip","Wehner","541-098-3860","807306864279"
"a5832f99-da61-4606-8474-eb4b71d5ccf8","Leone","Kshlerin","159-165-7987","578875068136"
"64be086a-f32c-4a2a-9671-a9669e1040e5","Brandy","Hirthe","358-325-4945","402048959756"
"9c2b1b74-7e28-4a62-9718-e37f1f9cfae9","Frederick","Kuphal","946-903-6262","908995124865"
"21294be4-b636-43fa-ac67-712983ec1e7d","Valentine","Botsford","110-533-1670","336477194082"
"f5a4bcdd-9cc8-49c8-a692-71dd7a746e39","Kali","Glover","645-113-0202","780778482990"
"e6b6b90c-a259-4add-92a3-04b9fc995ea8","Monroe","Haley","435-402-0149","972793118569"
"a0633b31-fd3a-4cac-930b-bda65d3ebffe","Carissa","Corkery","705-850-8058","425804351107"
"7c6ff96e-e674-477a-aac2-e1944aabcb4f","Shanny","Bartell","032-203-2190","939806989614"
"a0607449-9d49-4cca-a81a-4e1881457b19","Mack","Hayes","900-298-9674","422954951748"
"66abd897-4dd5-4a8a-90ba-5e25253800cf","Milan","Ryan","589-558-7165","925656301238"
"a13b22d6-970c-42b8-8e1a-e4749c26ff56","Susan","Wintheiser","003-461-0127","774655195774"
"d574ebec-6d32-4f18-a930-608920286616","Alexandria","Walsh","080-910-5097","163760105205"
"c2b7873c-c73a-4616-8413-8e587a46af76","Barrett","Rau","722-540-4325","222748914246"
"28df3708-f11b-4dcb-bc2f-c0b7b2a3ceb7","Johann","Fadel","431-241-3997","173265826388"
"566c327f-2789-44ee-b7a6-0f289d41fecc","Jordy","Schamberger","647-940-8242","650951840371"
"4d8c14d4-d000-4ac6-b79a-0fde3ac8bf87","Gregorio","Lang","241-503-6581","266609640779"
"cce90eb2-aea9-4537-8590-a7874364164f","Merritt","Fay","687-515-2946","254670820326"
"5ac9aa07-9971-4dab-bbf6-1282bb1b3e78","Thora","Stoltenberg","152-019-0197","497199045650"
"c8c0a8d0-a5f3-4afe-bcb3-dc3adfa79146","Jayce","Cruickshank","429-181-9378","289417923747"
"833d2fd3-7d30-4cdb-9a43-f9dc730ecbfa","Anita","Shields","535-968-7788","573094757255"
"f4da8fe2-6f9f-45df-a353-7921a8cf3fd4","Celestino","Mann","266-645-2617","364443058910"
"1c0e6c97-dc12-40b6-a2ea-468fa57b87af","Susanna","Bode","778-095-4309","834125870292"
"4761a2fd-d8a6-495b-a114-af1511e156d8","Jessie","Rogahn","795-982-5244","337017991698"
"26d7367e-e105-4d74-aa43-34ab962a8a31","Connie","Koss","095-346-4279","384527621077"
"ac2e913c-fe5d-496f-ba13-03030eae1659","Mabelle","Fritsch","633-488-1396","627386073586"
"b258c5eb-1d4b-44f9-834a-5726caf5a1e9","Janiya","Crooks","962-047-0136","162009699287"
"d596f559-59ea-4635-ae15-a860af914772","Derek","Kutch","464-348-4875","863545257829"
"778eb0b1-ec13-4cfd-98eb-e58513d204b8","Odell","Gaylord","606-757-5649","720431520883"
"36696b32-44ed-42a4-bfbd-1a7cc5ad9ff0","Allison","Schowalter","321-737-4866","599299944538"
"2a63512c-fdad-4994-ac45-685d430dc99a","Lempi","Beahan","158-422-6515","307910615608"
"d906c38b-4839-4684-9583-54017d90f1dc","Lora","Barrows","097-881-1383","717648902065"
"1560d17f-43b9-4579-a324-776b21bb047d","Mohamed","Hilll","111-254-3315","808389899084"
"9ee273a8-acc5-43a2-85fb-abda1f0b62b4","Liam","Borer","890-408-2607","688634218703"
"190e5439-71c9-474f-948f-9236ca27aebb","Alec","Pollich","983-990-2174","870825348404"
"bdf40f5e-b9d4-4a5f-b259-0d00420684f7","Alphonso","Powlowski","663-046-0741","178345058118"
"1a63de1a-bc73-47da-9579-504b35fe8342","Lindsey","Beer","980-065-9662","926374829691"
"f580c798-a869-4aab-a376-fbc69b2a2177","Arielle","Funk","495-701-7014","710394687001"
"b4297fe7-4ed8-40a1-bce7-5dd950569537","Ola","Smith","795-776-6095","225967518434"
"c08f6da8-5e3f-4eba-b0b9-dc448b5f2bc1","Jarod","Haley","619-284-4515","377999254709"
"30c404ea-be1d-47bf-89a3-dfa3b32ac0a9","Sterling","Murphy","743-062-9889","507829705048"
"f89ea87f-8265-46ee-995f-976629e041b4","Margarita","Nicolas","558-867-8281","475648022979"
"3492fce0-04bb-45cd-b579-d1d10c5f70c8","Jasmin","Ortiz","335-591-5166","333708793799"
"f465394f-d37b-495b-99ef-0cef0e379443","Selina","Blick","979-185-6360","135798088706"
"afb851e7-3984-46f8-86bc-c02d7d3a412a","Gabriella","Lakin","757-866-7313","862180600299"
"ea03fab6-0bbb-4cd8-8faf-224ed9e2b399","Davin","Hamill","473-497-6359","828049481315"
"12f914c7-81a8-463d-a8d1-e5b9bb60652f","Margarita","Lubowitz","435-911-6516","976511286185"
"d15171ff-345f-435d-b859-ea5b4fabd5fc","Kenny","Doyle","512-069-5324","947489237279"
"c0710513-2fef-47f2-af86-45ebcd37c7d6","Vida","Senger","833-962-0059","736536936170"
"a534d7ac-a810-49c9-8c7f-c419a88500ba","Winston","Stanton","957-950-5235","559615047213"
"d9632a3d-5bea-4a06-9710-633aa392a1d5","Kathleen","Fritsch","122-715-8927","525846311175"
"efbd362f-d609-435b-a96b-3f57d95766ed","Chesley","Spencer","080-896-0607","950216587705"
"1b3b17a4-cc0c-48f8-be71-dd8f36f33810","Laurianne","Grady","490-583-0977","516673541385"
"67238819-cdff-4c7f-82c8-c170543dc632","Julianne","Sawayn","947-620-9851","201902112036"
"1e9f7c4b-c431-4a05-b586-3b7e8591f2e1","Roxane","Metz","063-252-7754","785183363892"
"c3a41d29-c642-41c2-ac3e-33c6e70efe43","Milan","Harber","081-935-1203","459371884038"
"af376a0d-313f-43e9-a359-df89c24b8c84","Gerson","Mueller","860-453-0960","182008400738"
"4345425e-3418-4ac9-aff3-14307da6a70a","Cristopher","Leuschke","552-580-7084","253683869940"
"f2f71518-0fbe-4129-b0bd-368dd48fcb51","Kyla","Morissette","095-756-9206","267584970451"
"4201de95-9c1e-49b2-8d74-91cf39de719e","Cordelia","Braun","381-603-2696","415234158251"
"fe3beaa2-ac7f-4efc-b569-63c409b459b7","Justen","Pagac","838-855-3346","439514363699"
"29a12773-e3d6-4773-81a3-56cf26c1c4be","Dayna","Macejkovic","216-846-3095","786716079815"
"5893cf1d-1032-41f7-8c87-80ca986c7f9d","Connie","Zulauf","316-258-6584","865213036115"
"337807e2-71f5-4bed-ab3b-ffa243bd58d0","Clint","Moen","009-032-5925","781155432663"
"6c14f623-cda7-456c-8c87-02a3d996f5e7","Judd","Koelpin","125-357-2526","637104503144"
"13fe4204-a2d9-4f31-ad1e-90341eb0c070","Leone","Ferry","879-140-7750","905765204408"
"56a17d14-81fe-4882-ac29-27c90d88c29a","Cora","Torphy","112-133-6325","593020996934"
"e18f908e-7b0d-457d-a521-e638440fe621","Joanie","Fritsch","326-667-2913","896545989006"
"a1452a02-f431-429a-ac9e-8535444a89c6","Lelia","O'Conner","554-173-0436","333945687883"
"f2430535-6594-4856-8935-f39fb29059ef","Grady","Schneider","680-427-8060","290806626063"
"13e7e69f-a00e-43a9-814d-bcff33d46df2","Quinton","Zemlak","735-073-4933","892110295647"
"82dfb7b2-dd85-4b19-90ca-663b6ebd259b","Kristian","Labadie","143-489-3765","104167466351"
"ed1850eb-d617-4c15-a199-f3d4fca01a2e","Destinee","Russel","520-724-5079","240380492937"
"08bae5cf-eabc-4daa-8060-9db4fea2438f","Felton","Stehr","699-928-7254","549373074248"
"8300cb82-6ee2-40f5-b351-b32ff94e1b9b","Nakia","Dietrich","382-827-3693","141444988062"
"5c62d476-82b1-46dc-a6c1-fc5ab92f9fcb","Jeffrey","Dach","565-815-6305","332722851794"
"4527809b-d665-4074-a744-9010cc45c7d2","Aisha","Okuneva","435-724-7980","498163012164"
"28ed6967-b712-4c37-b89f-26cc7f0d6f1c","Hadley","Greenholt","876-934-0274","685038444134"
"1af8da09-5ed6-4ca0-a766-a97925d65cea","Josefa","Morar","126-033-1411","155423568335"
"334665bf-cc12-4dbb-9c8e-ec369a1c0a1c","Branson","Mitchell","201-020-9724","826421108006"
"3815ead7-a9c8-4bb0-826b-775784fadd8c","Larry","Hammes","120-111-5274","504032536523"
"878c3202-4c8d-4c2c-9539-f991a2d9f3b2","Tara","Kulas","297-384-5555","770182624466"
"86e48c61-4091-4ee9-93c7-241eaa7772fc","Ramona","Stokes","494-379-9831","141431736038"
"ce358809-0ab1-40bf-b134-aea48717e18e","Grace","Murphy","631-443-6210","330519135737"
"f0b8c33c-6e48-4e95-9eb6-79f281e59155","Naomi","Bogisich","377-968-6608","331300078429"
"332f7b76-8963-42ab-acf8-2f565e9231ae","Patsy","Blanda","560-998-5474","887460478824"
"f3745189-325c-4ae6-bd9e-685d11be68a8","Elinor","Reichel","004-897-3633","297986899962"
"11511c71-7000-4df1-afee-339d63ac1cbb","Robbie","Ratke","164-354-1328","568144598832"
"7d36c79a-d9fa-49a0-96e4-959623613d49","Esperanza","Marks","946-311-2034","327683071458"
"7398b870-7efc-4c8b-aca0-2250f20859cb","Darrell","Hahn","474-713-9608","138213559100"
"e240bd07-1653-45d7-840f-5f42050657d8","Vernon","Senger","303-398-7296","724971018442"
"c22c017b-c994-41d4-886d-1b108ee4f74c","Rogelio","Boyle","315-060-1126","704391710811"
"c9482a98-b183-403a-a586-a7c2d17fa464","Americo","Streich","551-630-8590","207933818845"
"710d33b9-426a-475f-87b1-600c5b9d8991","Mariah","Gulgowski","635-281-8301","472434301620"
"cd68f712-66ce-4a7b-97b6-9e1ad0fefb6c","Gabe","Upton","340-829-9634","142789898582"
"50899cae-8ec3-4aba-96bb-831aed02411a","Jermey","Hagenes","901-933-0347","427787642475"
"c857d5c8-b53a-44fa-88c6-e788718f4b8f","Kaycee","Frami","261-212-4372","717396950903"
"5777309d-6cf9-4ae9-9873-0fda352b101e","Maxwell","Mann","582-833-4405","972722855739"
"7e31829d-bfdc-4fa0-9b4d-70fad3031363","Lawson","Rempel","640-689-2244","539174253150"
"936ebb2b-9246-44bf-8dc7-b579f91887c2","Mateo","Haag","780-843-0010","666625872661"
"d0bd51f4-97e0-4115-ab2d-542033d4a725","Thea","Rau","476-298-4176","512633573384"
"d796d826-d11d-4dd5-8dbf-88d67a116985","Louisa","Huels","036-561-9228","414902553498"
"b9d7be2d-b266-49f7-9275-0737704adfe1","Thea","Howe","499-879-8905","767493425054"
"65f1212c-5658-4e70-98da-8eebcdfe4b89","Lawrence","Dickinson","416-428-0362","276345768545"
"080a291a-ec61-4fda-bc47-ced2e947a2cb","Otha","Bartell","340-814-7547","179977714097"
"e2328395-7784-4118-a099-287b1310256a","Jordyn","Medhurst","128-009-6983","143337452886"
"d6c7b484-3b49-452e-90e7-5451fb5f0b83","Khalid","Stracke","199-186-1442","288751739661"
"31219eab-9c83-4037-9df6-613d398d693a","Aubree","Schimmel","775-128-2530","538114626734"
"94bacc08-6cd6-4a3e-ac48-f97bc5d1b245","Fritz","Ebert","713-535-4530","796140045041"
"33c17dec-a83d-4585-9db8-f5217bc38d0e","Adriel","Bogan","673-786-8417","211414438383"
"2b018111-22d2-489d-9ca8-c498cb2bc8bf","Aditya","Bernier","948-073-3566","465183315022"
"d3be6abd-1a34-4a86-a3e1-db4cb6cfa7bd","Jessie","Ryan","225-243-4228","318281492092"
"486129d1-cdda-41c5-b53a-0e2281c6c432","Richmond","Kohler","447-706-8993","167837761724"
"d0cf231e-657b-44b4-b257-28158a97fa48","Branson","Mohr","753-824-2048","654506073324"
"9076588b-1ecf-46ab-b697-04a76b1669b7","Willow","Feeney","483-632-7172","886288563665"
"b7e61c2e-e44a-4bc6-94b1-51c610d8f0a8","Peggie","Ernser","038-796-0933","735585348767"
"2904d8d4-bbd2-4dc9-8800-f584c995afed","Bessie","Langosh","160-662-5363","670271303174"
"8ff6c420-750c-488e-b9b6-7c386b2cc0e7","Katelynn","Marvin","606-818-1276","864815816112"
"0e69e839-652e-4ed7-b73e-6b76f79f61e4","Crystal","Mraz","016-901-3780","435746068942"
"1666c4fc-d4bd-4845-9b68-d0921d014b68","Reta","Abbott","458-705-7104","174065201018"
"526c1d8c-c481-4e84-90d9-94a840810984","Maria","Barton","699-753-5368","153964217640"
"3545d654-34d3-490e-9fd3-5492782be586","Mina","Toy","815-039-6909","455332177722"
"a320359f-7da0-4b06-bff0-b77f26248e83","Tressa","Pfeffer","342-155-2730","914264224066"
"1a55973c-69a0-4c5c-8808-3f34dc7b1f92","Noemy","Keeling","018-190-0473","321426088095"
"0e6a9606-59d3-4872-abf3-e84a61856ed1","Stanford","Dickinson","349-033-8524","577885298674"
"9c093be1-55e7-40c3-a25e-0e125d68b36e","Gianni","Lebsack","186-983-4321","747984959643"
"99fdbe00-becd-46dd-bb85-ab3091b4dd4d","Javonte","Harvey","364-408-9500","337276745406"
"4bb0b05b-b348-4a30-a2b9-b93f0748a4a2","Vernie","Jast","976-241-8545","222872788734"
"9e768bc2-de8b-4ab5-be18-9d4d13906bd6","Brody","Reichert","306-395-9527","267701920122"
"4c7073b7-4a59-4681-8815-6cf3b83e5c72","Brown","Schultz","753-331-0362","368296353478"
"841e071f-27c9-494b-8a1d-6aa133950d31","Aliya","Zboncak","922-699-1294","135473299035"
"6851b870-aca5-409e-b786-a7b3eba62be0","Jordan","Hauck","040-230-3253","730974327149"
"de51297b-066a-4921-a509-48b4c078b955","Rebekah","Champlin","127-154-1361","461600695239"
"376091e6-cfac-40ec-9692-5eac926bac0e","Herbert","Dickens","776-531-4414","202079902605"
"e0c7e27f-06a3-4829-b481-1f446c22056d","Zetta","Stanton","618-302-0880","181619554732"
"dd17866e-fd4b-4b48-867e-8ac13d23cac5","Rhiannon","Adams","650-099-4229","854209938285"
"9206ea79-8366-4187-bc0a-396c3e584b1e","Andrew","Heaney","259-661-1501","248966314154"
"10284404-ce90-41ef-aa5b-e0f86ac0c63b","Hugh","Borer","228-580-7536","484661927160"
"192794a6-2e86-4b89-bb7b-2d8c08d670a0","Nicolette","Gulgowski","852-172-4379","754562576532"
"cff946e1-6d89-442f-b395-28ec38aebf1e","Joseph","Nader","471-207-5470","968946101115"
"50ebd532-92b1-4765-a322-511b8f51ed24","Zion","Botsford","418-572-1958","124617988621"
"b1ab54e2-df5a-4195-8475-c174f21f6393","Gilberto","Collier","835-840-8041","130481279269"
"f8c23b11-ae42-45f9-9315-54192da03108","Bryana","Nolan","783-923-9446","439370105261"
"e7f620b7-aebc-4cbd-911c-c8403923a3c0","Madge","Lemke","373-232-0233","469532250128"
"b4c4d0b6-3c5e-4b59-9e13-331fd77f1034","Xzavier","Renner","087-763-8901","145846682677"
"584047bd-918f-45cc-a572-699a8a6c5893","Aditya","Kirlin","433-035-1559","510000092382"
"dfc48265-fd43-4c35-a934-040eecfd57db","Terence","Gerhold","055-496-8839","867590548050"
"d1799528-01f7-46ab-9155-e751e26800d6","Milton","Brown","920-740-5000","133497857861"
"24f29ccb-765d-4466-a7ef-371fa82d55ef","Emilio","Orn","455-093-7302","448906880588"
"f8bb24cf-28df-43ff-935a-5934740fee82","Deontae","Greenfelder","946-945-4486","497793828393"
"20c0379d-790f-41a6-b759-a6225804d8c2","Orin","Nikolaus","018-082-0612","882653817820"
"58ac4eab-1ee6-4545-ae0c-fbb6939256c8","Jasmin","Hickle","464-837-6608","807518764411"
"51b03b36-443f-4242-b112-4eb7a43b8c90","Anne","Boyer","494-693-4081","238927937897"
"3b132773-e1a2-46fb-8e32-22a11a61fa7a","Stanford","Stiedemann","984-627-1809","547858913428"
"936f77f1-229c-4a4c-8e2f-a7b4b0d192f2","Tressie","Kautzer","446-147-9240","634563156740"
"82a183d8-a790-4a6b-ad51-fdcacc64f8f5","Kaylin","Gaylord","614-568-9361","533344378761"
"9ec96c4a-b102-4d05-bbc1-08dbbd9da6c0","Ezekiel","Kutch","659-135-3055","349913177179"
"15a908a6-970d-48c2-8d49-1587174fd403","Sandy","Hamill","221-055-5535","489489564271"
"f586c508-a17b-467b-a870-bcd37a43c6d3","Eunice","O'Conner","859-045-2076","951767468080"
"90d895c3-b825-4c44-9ce7-e39183201983","Peter","Lemke","030-139-7991","303956048311"
"bdc61272-3b50-4ba7-9a17-2424620ea8fb","Jailyn","Spencer","112-083-3180","702055756321"
"ebb61e8c-5f6b-44ab-924a-8082253ed67e","Paula","Mann","428-411-6650","978694521354"
"8bfd4059-271d-4703-a787-dc030cebd096","Eudora","Carter","161-924-3799","408844892968"
"7a2c2bc5-178f-4cee-871b-d25ba67d1082","Minnie","Paucek","620-976-2669","180358951417"
"eb941a37-6109-4d3b-a015-0ad283999789","Demond","Jacobson","049-760-3555","837537105057"
"a4ddb6ad-3a80-4175-b32b-ba0ddbba81bd","Eden","Mayert","073-675-3277","441855974324"
"5520f240-8a5b-4e4a-add0-7ce726c01170","Cordelia","Stoltenberg","089-801-6726","422905609069"
"11adc8de-ab93-4a02-98bc-3a004b356d75","Juana","Jenkins","858-690-8174","894173951084"
"4c3c2ea7-45e0-44ed-ae60-56ae3fdd2a66","Lenora","Oberbrunner","342-940-3324","231582535584"
"68d31017-5339-4ea2-93f3-369da15724da","Halle","Grimes","445-565-3497","921611331976"
"bd24408f-1059-43ff-81bc-ddd65fbcc0f7","Micah","Schimmel","154-220-6380","335408741095"
"b3dbac38-25ce-4d1e-ac71-55d0b5d08948","Rozella","Heller","859-531-2205","917600011296"
"bdff65e8-5a81-43cc-99c7-fcc9bd617379","Corrine","Wolff","944-614-9528","847058518436"
"677f85f5-e5a1-431b-b310-ca7b4ca5b19b","Marshall","Schaden","872-288-8689","387883435319"
"d22c2b4b-89e0-47c7-8b53-0feaabf230d4","Consuelo","Hoeger","138-210-0816","952426428113"
"b2c6feb6-482e-40d6-9f88-a28aac192adc","Christian","Schaden","959-393-5768","542997920239"
"dfb8dd2a-fc16-4f62-b2d7-dd8859686be4","Damaris","Kunze","019-393-1981","837125301632"
"4237a0e8-637a-420a-82f2-f7585dc21d22","Jordon","Medhurst","547-728-9484","622181543226"
"14ea3063-31f0-4a5d-b24e-ed78b4d31002","Patrick","Lind","148-357-0561","719525684592"
"8fc251d2-a887-4c27-aa2c-eace7c0a8d11","Rudy","Waters","126-077-7185","343658770937"
"18efda06-0d1c-49bf-98ef-a6601f247773","Edna","Boehm","234-241-9402","342297868039"
"9685542e-1289-42b5-b2fd-7ed24d676912","Vicente","Nicolas","915-852-1656","199618306990"
"3894ce94-5cf8-48ce-af5a-e97f3efe8b7b","Sven","Bins","365-258-3993","253456331888"
"28484a00-9c45-4fe3-80c5-ca30b7257412","Lilly","Weissnat","965-228-3601","674053190236"
"fcd90cce-2c88-4bad-a625-e2d95a6e0b5f","Domenick","Bins","145-882-1595","417821422873"
"c0afac98-699d-4f70-9517-81bbe794d8d2","Alex","Schaefer","859-047-4945","684557514423"
"09bd1676-758d-4dbe-907e-14fdd8d5d176","Sydni","Conn","035-311-5036","903707377593"
"db579f75-7df6-411d-b2d7-fb3b94dc1855","Ally","Schimmel","550-123-6781","487244281109"
"b6b436d8-c08e-41dc-bb74-b48fa7f79dea","Dorris","Wyman","654-400-8966","489119980628"
"b3d7e38a-1347-4379-b5e2-de6571bb43e8","Royal","Moen","128-240-1169","647277110442"
"807e224e-6206-46c8-84d0-2221640f4aba","Ole","Labadie","257-207-7422","423625879986"
"c795d4d3-c014-41ea-9df7-c7b3c07f7246","Kristian","Cremin","721-515-7235","619883125746"
"44f67140-e144-48ed-9e3b-6156f6dd328a","Reymundo","Herman","593-187-0005","662165365242"
"846ac556-7b93-4706-8d4b-11fea1e42137","Shayne","Crooks","011-151-4922","686854751436"
"aea1ef82-e26b-45ad-92f1-2c3985715ea9","Elenor","Haley","208-796-1105","825377704961"
"61be21a8-6b0b-4dbe-b950-c6196d8a0d06","Troy","D'Amore","745-548-0240","121506227147"
"135f328c-7545-4e1a-8175-366776ae6f2e","Terrence","Boyle","756-300-1471","200427281145"
"aa46f5e8-3c85-4ccc-8143-19b904896266","Harrison","Kihn","059-093-9107","875653032547"
"6cb9e149-5b77-46c2-ab97-5477c3973f7a","Cornell","Lockman","510-580-0129","579492917323"
"0c66f61f-e82a-4d32-8f0c-ec57e2ab8626","Cornell","Johnson","639-495-6216","404486689576"
"7511a163-7752-4c4f-8f11-d0ea6e5703a3","Era","O'Hara","243-458-7632","903331706141"
"b2129e66-34f5-4a7a-a0c4-7bdade3627c4","Concepcion","Casper","354-756-2644","866640829896"
"7b4babc7-5562-49ec-abf3-99dc0a2912e7","Emmalee","Steuber","171-580-7331","541366561200"
"347822a0-d51a-4ed1-b6dc-6f8ae3f4a143","Kolby","Kuphal","550-636-4095","254087593813"
"e5e2cd22-f856-43a9-9a72-423f47336f60","Ara","Doyle","785-509-1601","324259877036"
"ffca489c-cf77-4d07-84ff-8fce13f03955","Jeramy","Rempel","380-859-5127","554599832956"
"687006f1-687a-4f6a-9679-36c695c433d9","Alexzander","Gulgowski","827-785-9249","813392114209"
"bad35b80-ab65-4ac2-9067-8b4b8d52e53d","Janessa","Hackett","053-280-6789","712196303332"
"9a579123-cef3-4a94-87e7-bd07a627e7c7","Lexus","Kirlin","048-448-6604","779173288673"
"e6c75b17-af7d-4cbc-9009-942243d77604","Lora","Wisozk","061-678-8703","105407821522"
"a68ed3ff-c542-46fc-8b93-52b055a46845","Tiara","Hartmann","868-501-9033","216747557241"
"16a547f0-ec01-4f74-b1b3-2ff553b11d66","Fletcher","Mitchell","941-951-1391","440933522048"
"bb74c2ad-7c52-4239-a89d-7a361eb914e9","Kallie","Stamm","915-967-8080","182106137109"
"14827bde-7c7d-4daa-a083-cfa19010662c","Judge","Kuhn","959-409-4608","783042528965"
"1a866e66-d0a8-42f7-ad72-5224ab3fcb3f","Raleigh","Schneider","089-224-1575","282395738640"
"6558b12d-ada5-4611-8f3a-99be59eb6ff1","Dylan","Jacobs","610-200-6654","849611719627"
"c870f405-189d-487f-813c-83d4cd2325df","Shanel","Littel","475-474-1369","237860877891"
"f03c8e33-b2b5-4d0b-bc85-982c7ce5b20b","Ruby","Leuschke","990-185-5923","660969686233"
"c968e9c6-d70f-4d9d-bf44-b64ab4843f7f","Jasen","Wisoky","491-396-8260","691080581439"
"1aa43ead-0fd1-4285-9535-136128101aa6","Chase","Feeney","453-362-5408","869107320620"
"45797d74-cb9e-4618-972e-f66123b350b2","Jabari","Lubowitz","164-143-5269","239845761019"
"e14cbd67-c794-4635-8c61-0a2c0c337868","Glen","Kling","200-744-4269","290855255500"
"b7cf9197-7ce8-4164-8a58-ba4c37fbbb6c","Jazmyne","Rau","296-864-3282","773388456364"
"6f824b79-6b15-4771-9b63-a376d2b7ee4a","Claud","Ebert","835-463-5348","654369035103"
"005a2b69-ab69-4f4d-8ce7-f501eabe5374","Kelly","Effertz","513-446-6833","613394574602"
"226e76e0-03d6-491a-85f2-7a9a60d5990b","Amos","Berge","895-375-9115","274446876566"
"717f66be-3455-428a-a771-2f106654499f","Garth","Bashirian","744-677-3491","997813585204"
"01c025a7-fdff-4df6-a217-e3fb62a384f8","Lucas","Schultz","589-772-1008","911574745367"
"a3f79d77-90b0-4b47-a481-bedf7111539d","Aurelie","Borer","955-103-9272","915631196396"
"d655995f-39bf-48b3-89d6-0595de074994","Vincent","Rau","202-659-8432","477671261334"
"231d1a66-d5fa-4e30-a9d1-7777987ced04","Kayli","Raynor","891-908-4109","631078760724"
"dfb7a661-6d23-49d3-9216-b6c770dc86ec","Major","Wisozk","171-043-6787","175530674764"
"2ff6c92e-36e3-4356-a8c9-6050653e9f47","Kyra","Robel","966-747-2652","963668128518"
"f529573c-bb84-4e08-8e2f-2ebf7e576d17","Destini","Feest","028-269-1213","317356833881"
"3c242255-f4b5-41aa-8dbc-2bde00f84a27","Lucile","Emard","952-791-4307","440014123921"
"a8af126a-6fe8-486d-b80a-9aa5745afd35","Queenie","Padberg","261-670-8807","653719256074"
"8925bdf6-2cc4-48eb-92e8-782a4fcc5173","Unique","Denesik","082-506-4429","689513958680"
"4b800c94-41de-44e0-8c4c-80b0ddd4e8d4","Chester","Adams","701-832-0465","346003439647"
"b716b178-d2f7-4a2c-8747-91293c4eb016","Aniya","Hudson","500-761-9236","206429786602"
"97596284-2ef2-4001-8a58-ed8667ab1bb3","Alexandre","Murray","653-276-4149","309517259192"
"2a8c9faf-68cc-4637-9677-4dbcd4895ee3","Kay","Braun","676-589-5916","614182430240"
"ce773f4f-6de7-4986-ab83-ab06e4a4fa25","Colton","Wiegand","120-238-5946","574943814087"
"d3e32d15-4826-48c8-80e5-57fdcfd06c6b","Darron","Schmidt","660-402-2852","371515790632"
"cef3ad13-7a06-494d-af18-d2c6557d51e8","Margarette","Ward","069-872-0024","993765275475"
"c79b314f-3a4d-4e0a-99bb-ee1652fc4137","Mackenzie","Schamberger","025-034-7701","361056980039"
"ac33c9ef-b16a-48e9-9f60-c1bf94b50561","Gustave","Spinka","697-545-1365","362276696799"
"2d2f13ae-0f86-4e56-b831-2c46c3be66e6","Verlie","Goldner","702-730-8455","262812694660"
"fc19b6aa-7ea9-451e-b722-3d4023d0a82b","Gerardo","Bednar","130-609-2151","354474539900"
"bdd5202c-09ee-47be-b760-baeac1bdac0a","Zachery","Tremblay","430-921-7957","801807519661"
"7f21e340-2e81-4172-af09-b22c6c1cfd4f","Sandra","Reichert","707-390-3984","728770382537"
"f046d995-eba5-4d03-8764-781c8686ddb1","Carolina","Prosacco","282-928-1002","232943823523"
"7ab4582d-939a-4312-9b9c-7dbe518fa39e","Gregorio","Monahan","679-421-0547","709290683440"
"4b9cf519-34e4-490b-af48-d78d2e4aedef","Dorothea","Cummerata","913-483-9591","828023824525"
"010f6279-c96e-4beb-95b6-3723b6a394dd","Otha","Schumm","332-431-3942","398323255469"
"a5733191-122b-4a0d-a8cf-d7ee3908c905","Johnnie","Hessel","573-601-2730","851184679893"
"40482d70-35de-43b9-a485-d776e79b9afe","Dayna","Cummerata","182-866-9259","665628918192"
"dce193c6-f14a-4747-8a94-a094fd4eb859","Ramon","Cummings","090-945-2933","234403171894"
"6f193ff0-04d5-4fd8-818e-6fb29cd9bb37","Jerel","Trantow","755-471-4479","411674260858"
"827de1f8-b13a-43d2-973a-54d078059ea2","Ted","Homenick","183-376-6516","751551970325"
"edd4a664-2d15-4db7-ae6c-038a700fc92b","Gustave","Gleichner","121-411-6761","777143983132"
"8ad61026-9462-4b1e-8f52-508ca542a012","Mariela","Abbott","750-104-4423","581690459374"
"3a9612d1-9386-4953-9837-094da0c5421f","Stanton","Jaskolski","007-043-7664","856791825526"
"53303cee-54ce-4d26-89f8-fab695d7be6f","Zula","Hermann","317-983-9486","950048808507"
"923985ff-ec42-43ba-8f67-742db69a7e39","Sister","Lakin","641-494-0832","121876631007"
"e7deb795-f31e-46e2-bdfc-fe58aef7c7ac","Eddie","Jenkins","984-762-9726","803162580975"
"765584f4-cb51-47ec-a71b-9ef6b4a7e593","Odell","Kassulke","028-320-7733","399039005650"
"599bd4ef-59a5-429f-9225-876797293b67","Haven","Ritchie","720-722-4383","848636763550"
"3369cdc5-6df0-45d7-aefc-4aabb9adeaca","Cassandra","Goodwin","321-365-6251","282216267173"
"d32bc8f2-b64c-4f32-a1bb-af1668399c45","Wilhelmine","Casper","433-819-7486","443796647339"
"73f3c0ac-9071-4594-b5a2-768c3f5d9aa4","Eunice","Ernser","113-723-2702","226216821963"
"48126fcc-50f3-4e0e-a02d-f516d6779598","Carlie","Rippin","146-697-1575","152863143370"
"02faeb1f-46e7-4193-87f3-5d21df35a907","Garret","Jast","057-251-5018","604098479304"
"406ba971-0ab7-4d83-a537-0d60934bbb27","Ciara","Larkin","919-318-3245","964766680792"
"95ecf47f-b0ad-4ed8-b9e3-9b1ed80a57df","Randal","Klein","008-894-7189","704848187839"
"11229d02-30c1-409c-939e-0b57bddfe5f9","Isidro","McCullough","624-439-3293","556534038495"
"aa2bb4b5-19d2-4cd2-8a18-bb43447a8d36","Emmalee","Deckow","976-783-4380","841984308382"
"aa9a264f-4ab8-4d90-8cea-d1683a08baec","Vivienne","Kassulke","456-339-4064","270323824867"
"584be532-62b0-4332-b8eb-6c73886aaf51","Garrick","Weimann","056-831-6843","271817567735"
"21bcdda9-ed67-401d-8c53-8f3325953f75","Cynthia","Roob","929-501-6144","896345053383"
"862e4538-9099-4497-8152-0f49e5649745","Celestine","Lueilwitz","986-912-2277","838678928858"
"9967beeb-a7fc-4668-8eb0-2640501adf7e","Meghan","Steuber","146-813-5969","169817968704"
"7a66a2c3-8d94-44fc-abeb-467172658135","Garrett","Heaney","017-596-0106","325853693986"
"d3857830-183e-4e08-bfb2-48c8ecfdab8f","Corine","Sanford","405-507-2578","827688333743"
"c0503c4d-5850-4019-adbe-c20864cc2f57","Carolanne","Morar","327-503-5215","437715870047"
"67a000a8-f641-435b-bbe4-040ee3df94e1","Aida","Gerhold","131-694-8465","892776193936"
"d8352f99-e1ad-495d-b971-8fbb476f6987","Hilbert","Nitzsche","547-578-2858","605559914189"
"92d38456-b322-49c5-9aba-905d3c9f1e88","Ocie","Spencer","752-698-6006","172145155620"
"3fb1719c-b45b-4e07-9e29-18b0be6d802c","Jazlyn","Kuphal","590-996-4259","552844103327"
"48b44a18-6a1a-4a5e-8152-79c87fbaa388","Bernie","McLaughlin","720-853-9456","844687929398"
"ef513b77-75de-4703-a248-b695ef6a6de2","Kayli","Jenkins","131-501-0693","761786400135"
"83c5f91a-daf1-4ea9-a2d3-01c8dd6af509","Dominic","Kohler","138-237-7678","723076000380"
"e11c74ea-b816-4f49-ae29-fd54a6d0421e","Natasha","Turcotte","717-506-1685","762129406548"
"88a11041-835f-42eb-a387-d3dafde60ba4","Abbigail","Rice","353-962-6297","644231949681"
"85204aa7-9191-4ed5-8dab-d46e1e874ee6","Jalon","Rodriguez","917-887-9946","191862413225"
"a022d566-23c2-4793-b559-87d96dd4ac89","Caroline","Rice","784-770-2125","516977523790"
"0bd73b2a-140f-468c-9afa-d7c6216e13a2","Joanne","Gibson","153-952-3960","418501694497"
"09ee8586-3bea-4703-b2a9-06c2d3dd848c","Trystan","Ernser","964-725-8793","170756237774"
"293b904b-8772-468a-a1fa-3f63fbcfbb07","Johnny","Hammes","055-461-5914","640120948178"
"3fec0a30-f7ea-4e85-aeac-5c8da14ffbc6","Merritt","Konopelski","086-939-0823","742084634790"
"d29563a5-a38b-416a-a436-cb0c247b3ef2","Olga","Erdman","338-160-3927","639100246087"
"c9d85b3b-2056-476e-9212-eb46458607f3","Colt","Kling","158-542-2556","862235413483"
"d8bf0ac0-3f1f-4dd4-9293-3bc717daccf5","Graham","Mante","124-961-7109","947158452772"
"58f03c31-4295-4786-bae8-0af652c62559","Imogene","Hermann","136-749-6642","543515317689"
"a789dc84-ec4f-480b-92c0-ab2b0797ccc6","Alysha","Christiansen","704-152-8143","425794657260"
"1399c94a-d45e-4ae2-bbd2-c1f4894ab94a","Dayne","Kuhic","402-734-5667","451184789781"
"61878240-1873-4ce8-97da-b79a721eca62","Savanah","Rogahn","427-564-5825","847930196777"
"38376ff0-0392-4fd6-9bec-250ecc6ad978","Forrest","Hintz","895-146-1216","776800868826"
"9fe62451-9586-4863-91fa-c33789171403","Ansley","Stanton","590-501-1163","625505992377"
"ed70f94f-9131-4717-a66c-56551c886da9","Sasha","O'Conner","178-883-6483","121131977305"
"b56d7c15-0d5e-41a5-b3b9-30bf8b9aac5b","Prudence","Schowalter","737-382-8960","122615697870"
"8f9ce3e4-4a63-4402-bd2e-278eef63adc3","Jayden","Anderson","106-226-1164","574494954409"
"29b995e4-1fce-4cc9-8636-2357c5394c25","Rupert","Heathcote","315-412-9099","780346635190"
"c401538d-650f-4e85-b60a-297052801674","Furman","Block","355-964-3751","390741309911"
"8e212acc-77dd-4c3e-968d-f36c8bb1d7af","Jimmie","Franecki","555-945-8856","623132183275"
"d67c6852-c346-4cba-a2f3-3398c74b9715","Bettie","Runolfsdottir","961-971-2074","718861409541"
"c268d772-a6af-4dc7-9a21-0e6400ee3a89","Delta","Ratke","859-320-5647","716999365380"
"ed4c4401-12b0-45d1-88b6-f1cd9050119e","Lowell","Krajcik","268-394-3245","546387975538"
"fd8f1ed2-0f96-4dcc-bf9c-0c56170ead6b","Tyrell","Steuber","799-654-8651","258136031915"
"f24b36ee-0f22-451b-a730-a521f6b8a4d2","Buddy","Paucek","415-412-4215","497160365559"
"b29df0d4-7aa1-4849-b91c-1e6dd9a87034","Torrance","Gorczany","819-235-8149","968437314242"
"bd39a607-56ec-4012-a81f-238888483222","Madalyn","Koch","214-225-3419","545077726840"
"14f22aa2-615f-41e8-90b7-af37f38ada4b","Aylin","Denesik","549-328-2306","993326076965"
"a773fd26-633f-4707-966c-bccd991c06bf","Robert","Bogisich","076-604-6914","428335012573"
"e54203fe-2064-47aa-8476-657c3ca3534f","Orville","Schroeder","905-183-5822","656334057582"
"acfcf21e-cb3b-4607-84b9-af2122c32b3f","Quinten","Franecki","718-757-2679","763497564750"